Timestamp,SBD ,Task,Tên file ,Column 5
8/5/2025 21:05:21,T8.28,Task 2,https://drive.google.com/open?id=1pR9NIA5vFwKwE4MPS4jIHRwKeUYSUyAZ,Done
8/5/2025 22:02:21,T8.14,Task 1,https://drive.google.com/open?id=12InKlNRjeaPS0zgxT3i_sgm95gHvyCzz-l0orhcriUc,Done
8/6/2025 1:40:42,T8.39,Task 1,https://drive.google.com/open?id=1C7ndRrV42W8O6SmCgWvz0ppAZ4v_mhpDejUnMp5TXh0,Done
8/6/2025 1:42:43,T8.21,Task 1,https://drive.google.com/open?id=11m79-h5Nxnk3Aqh_HOpginqwXg8Fx2bo6b6XrmJYgkQ,Done
8/6/2025 2:30:17,T8.27,Task 1,https://drive.google.com/open?id=19UW34Xz8Qkxy3LkYi3WiQF44jwUHieUU0dt7cI7Wly4,Done
8/6/2025 16:32:14, T8.03,Task 1,https://drive.google.com/open?id=1G8P_ILRmXCiDaij-xdU7PPyt8c9B3u3U,Done
8/6/2025 20:34:40,T8.46,Task 1,https://drive.google.com/open?id=1wWtlf-l9g7H5i7u9w6kHQQghay8UaU8Qx9UOxk5sHTk,Done
8/6/2025 21:15:35,T8.33,Task 1,https://drive.google.com/open?id=1FzXU9gQDnIHtPiQY0n9b_q06UbbGU5jNSazSkzrZYjM,Done
8/6/2025 21:45:04,T8.64,Task 2,https://drive.google.com/open?id=147cb5q3ls3uQ-q6sgpudJNS1haG0uwdlx0WMBWG1n9Q,Done
8/6/2025 22:36:33,T8.40,Task 1,https://drive.google.com/open?id=13zmG3Bj_09PhbdjJPWYiMCsUTVJpkLtS,Done
8/6/2025 22:51:35,T8.44 ,Task 2,https://drive.google.com/open?id=1ta64FIluaK3-c_-LSFgjEfiPNFGNMiWRa8h9Nyv9BMU,Done
8/6/2025 23:10:22,T8.13,Task 1,https://drive.google.com/open?id=1Yjj0dLgV4fNYmZGFB2vm_hgLuuo1P24I65rS9FOyn94,Done
8/7/2025 10:35:17,T8.04,Task 2,https://drive.google.com/open?id=1oxQ2C44qajq7xD5Xv88lB7F-HCBYalf1CXbxpKLqWSs,Done
8/7/2025 11:58:07,T8.97,Task 1,https://drive.google.com/open?id=1XSBv2XBJWQKR0RI1aX8kqwe3j1yKgjij,Done
8/7/2025 11:58:39,T8.97,Task 1,https://drive.google.com/open?id=16MXRwEfKLfoBbbYEv9560U2qgUP3VSVd,Done
8/7/2025 13:30:32,T8.02,Task 1,https://drive.google.com/open?id=1LUI8IlJeaoHsNJt_voAur19oY5OayqNAvnDd7yCoz_0,Done
8/7/2025 14:26:17,T8.07 ,Task 1,https://drive.google.com/open?id=1hjLpTqyge_VzY93NZL7vQ7WNGS4iIRjXKtXWXxMx138,Done
8/7/2025 16:15:16,T8.18,Task 2,https://drive.google.com/open?id=1BXivy5oMWs4JX8I0jlcqzBSgNN4xQR3PNHCbSE__U-k,Done
8/7/2025 18:44:37,T8.102,Task 1,https://drive.google.com/open?id=1penyxLEdKxSz_EwC51lp5uE6GCjy_n4K9Vf9CeyHrmM,Done
8/7/2025 21:12:12,T8.28,Task 2,https://drive.google.com/open?id=1zb1NT-GgItb-5W8IqotFYhHmsh-9-xewpvAXfJLijcA,Done
8/9/2025 10:59:40,T8.78,Task 1,https://drive.google.com/open?id=19XxZ_Ofvq_QrMEm3GYTyctJu3-3nkwGR_-ZS1bCVk4g,Done
8/9/2025 11:07:07,T8.40,Task 1,https://drive.google.com/open?id=1CU70e08ScoUeLguONo3KeVft96fNgECj,Done
8/9/2025 13:26:40,T8.26,Task 1,https://drive.google.com/open?id=1Zvl3YeACZIodp43wsWXNYZ_hjuxqhe8tQcez6k8Sud0,Done
8/9/2025 13:42:27,T8.96,Task 1,https://drive.google.com/open?id=1dokFvWsDOcNPU4FT8Z12z2oeh-rNDXRKHqwXnnMetjc,Done
8/9/2025 17:35:50,T8.114,Task 1,https://drive.google.com/open?id=1ZY2RPZlL0KtXz6jvQRG-Un918FSoYrNyPlMXgDsgbsI,Done
8/9/2025 18:28:48,T8.19,Task 1,https://drive.google.com/open?id=1fkkJk854wmdSIsfoILlfcONO9qCwc2A2jbVXSl1cQjs,Done
8/9/2025 19:25:58,T8.27 ,Task 1,https://drive.google.com/open?id=1J6PyiXATqz7RZAGrn9a8jGP08k6kdT5K5UkV-uwI9hE,Done
8/9/2025 20:54:59,T8.09,Task 2,https://drive.google.com/open?id=1b94LESYQ8YtCDrSez5nx9DDuSqQSeOpcXiXUocD4kOo,Done
8/9/2025 22:46:14,T8.17,Task 1,https://drive.google.com/open?id=1CN1-B2V5qYQKzjxIXzjUeczWj68zix3oHEmhOzqgoVE,Done
8/9/2025 23:08:05,T8.08,Task 1,https://drive.google.com/open?id=1-I2oXUfi94a0JtnSrxQSTvnXMFawUyB0yuF4tuYXkhE,Done
8/9/2025 23:30:20,T8.14,Task 1,https://drive.google.com/open?id=11888VSdKx-c1fDumeH9zmvzQbdMm7REUI3JEC8_JzZo,Done
8/10/2025 15:49:23,T8.27,Task 1,https://drive.google.com/open?id=1eSSsP_HMNCPO6asYstVNXaEMIOtFzV1pbW7YOKfHNJo,Done
8/10/2025 16:15:00,T8.34,Task 1,https://drive.google.com/open?id=1_MVEuDT_IQ2LaDDimDnre4KeUODKKc-DGthx9vg5CZ4,Done
8/10/2025 16:19:01,T8.23 ,Task 1,https://drive.google.com/open?id=10dc3hW821iVK8jnCHNdGzN8rU7zRsfhOLkkVoHSN8ic,Done
8/10/2025 16:25:27,T8.14,Task 1,https://drive.google.com/open?id=1GSS79vAVEUFv5FnnvpXAXgmzM6r6kW7MTBM2_AYZvP0,Done
8/10/2025 16:57:32,T8.21,Task 1,https://drive.google.com/open?id=11wEaOZpaJRpi5RB4C5xWBm3_GsrphdYNw1Cg__erX5E,Done
8/10/2025 17:12:37,T8.14,Task 1,https://drive.google.com/open?id=1XVUCSsDsdnOyQPnFqs4MCCnUIuUq00iwjIp5OfORyEk,Done
8/10/2025 18:16:22,T8.112,Task 1,https://drive.google.com/open?id=1qGYP38o3ng5acIQtqt76N4Eq7VhlLPfe4JOoxMPNI_M,Done
8/10/2025 20:20:05,T8.97,Task 1,https://drive.google.com/open?id=14NP7gp1-sFMW4w-B-wOR4NIK1DPF2M-y,Done
8/10/2025 20:30:39,T8.40,Task 1,https://drive.google.com/open?id=1Gz-uGbfblzlmUlqU6jXV-CNW9CiRb0GE,Done
8/10/2025 21:14:09,T8.24,Task 1,https://drive.google.com/open?id=1xUkPeM7zOTfRiFkmDo8iG0L_GvauEQRpRn7GrNN3Xw4,Done
8/10/2025 22:04:09,T8.70,Task 2,https://drive.google.com/open?id=12jpPLK9ycAPLdMhVo4HZZnVjkiYWZHSj1kE2eaZi3iQ,Done
8/10/2025 22:04:58,T8.70,Task 2,https://drive.google.com/open?id=19f4tVQ_r9IsEgeJt8bemRmggsSEMD1l7byTu5XgpGvs,Done
8/10/2025 22:06:13,T8.70,Task 2,https://drive.google.com/open?id=1RX8c-g7ZYMc49Yx4Mf_OaK-i30Sh-cppWgdfa1UCzdI,Done
8/10/2025 22:30:59,T8.98,Task 1,https://drive.google.com/open?id=1_aqTcdjVNyqDKR4GefPp3st2tJRWVsx8,Done
8/10/2025 22:52:38,T8.102,Task 1,https://drive.google.com/open?id=1pEq9pe8Wma8dMejKKgSLqcSKh04s25EWJEaw76OH5ZA,Done
8/10/2025 22:52:59,T8.102,Task 1,https://drive.google.com/open?id=1MRgL0CKjCV49wb819aArQDUt3dgQvPr2sZ2HEVbPI_E,Done
8/10/2025 22:54:05,T8.02,Task 1,https://drive.google.com/open?id=1vHgS0R7sW_ZWEaiCIhndFr_RbSyvte8-OCrZFNoiSPg,Done
8/10/2025 23:08:38,T8.34,Task 1,https://drive.google.com/open?id=1BzK2Yc-piRfmzRUs0Eh0CZYiXmwUykigaUdiNL39onM,Done
8/11/2025 0:05:24,T8.33,Task 1,https://drive.google.com/open?id=1O6Tx1n5DWr_Ga0qjsMerlvW_I0-YbEJa58VEqNkZ0W4,Done
8/11/2025 8:08:31,T8.03,Task 1,https://drive.google.com/open?id=1HaSBQ3Kqlq9gO6aICLOai8i1rmkixi5U,Done
8/11/2025 12:35:55,T8.51,Task 1,https://drive.google.com/open?id=16jX4IMt7_0MgPNpvU4doYqY-6vOqMSgW8JsCujLC5ls,Done
8/11/2025 13:53:50,T8.87 ,Task 1,https://drive.google.com/open?id=1tH7tItStbOdm5cOVkwhfu33Prf5zUx1lpHOj3RXed6s,Done
8/11/2025 17:18:51,T8.69,Task 1,https://docs.google.com/document/d/163G2sQM7lmLERtCBWC613cklJYxvovNjfZp3kTHbGAM/edit?tab=t.0,Done
8/11/2025 17:18:51,T8.69,Task 1,https://drive.google.com/open?id=163G2sQM7lmLERtCBWC613cklJYxvovNjfZp3kTHbGAM,Done
8/11/2025 14:54:25,T8.70,Task 1,https://drive.google.com/open?id=1jye42rGEYo1GgXAj6ZMyNWtyLMyGHxedk5NHspKvDrY,Done
8/11/2025 15:36:47,T8.70,Task 2,https://drive.google.com/open?id=1qgjx2VHp29N6sH1zZmC3-ISbHFSkyfUqZQlZaDrr7Xo,Done
8/11/2025 16:36:14,T8.200,Task 1,https://drive.google.com/open?id=1RMbZu1UdSHF1Tm9uysCmBhwpDxdDKCf9,Done
8/11/2025 16:42:11,T8.51,Task 2,https://drive.google.com/open?id=1rWPJFr20rzEfIOzq0pXkgf-PBcHqxNhluCJnBM_0u6E,Done
8/11/2025 18:37:21, T8.103,Task 1,https://drive.google.com/open?id=1WI4WSPFNndOh1nPOFV3t9_fWc9Y2YFOz1VuFx0jHZsA,Done
8/11/2025 18:45:34,T8.65,Task 1,https://drive.google.com/open?id=1BcMvcJNPV_-mbv1jrdEqK8fsSKIu91355_LLiMuqPAc,Done
8/11/2025 18:53:10,T8.99 ,Task 1,https://drive.google.com/open?id=16OalmBO-VUB005KoSVng2KzNLSpNrrFyaDX1l01mWS0,Done
8/11/2025 23:18:43,T8.51,Task 2,https://drive.google.com/open?id=14sFKCv9CDLUIo8Lmbb4ksWh51i5YogMFcxd_yarl190,Done
8/12/2025 9:22:27,T8.18,Task 1,https://drive.google.com/open?id=1ULE2OU9Z5M-kHme2axlgSKGxyfmyklw2gAh2KSitL_g,Done
8/12/2025 12:09:47,T8.112,Task 1,https://drive.google.com/open?id=1dW4fZQ867K9RN7IgoeUgpwj2CsczGzpFopQKBsiBhhM,Done
8/12/2025 16:31:22,T8.32,Task 1,https://drive.google.com/open?id=1GGMxttgHUmeTgm6MWxSxXzEIOyNxLDx7OdihjT_vdPU,Done
8/12/2025 18:35:12,T8.14,Task 1,https://drive.google.com/open?id=1KLFzQWFEx1mhWoBdVR6pZR3Wkg2aiA2V3L4yb8KwnBo,Done
8/12/2025 18:39:41,T8.07,Task 1,https://drive.google.com/open?id=1WPuRidXdeDVRqfJamBsV2k7eZHGF5Oad7i0dlvFOML4,Done
8/12/2025 18:39:48,T8.21,Task 2,https://drive.google.com/open?id=1eZGBUv5RWiEZ9ikmbLogYrObSzt6bB5-T8IIxDKbbeE,Done
8/12/2025 21:28:13,T8.30,Task 1,https://drive.google.com/open?id=1WSWisxHpo-sCiUO9wHhdepoybH80S6xikPJryZSzVJo,Done
8/12/2025 22:52:21,T8.43,Task 1,https://drive.google.com/open?id=13dL55NIWHqR0JA_TdmevSbVZC1C_eImwP42LD2kxyhc,Done
8/13/2025 2:39:38,T8.51,Task 2,https://drive.google.com/open?id=1twLb1MtAbqgHEM2gUkTpeuCO38HShoR16KIBdyY1VJo,Done
8/13/2025 2:44:54,T8.51,Task 1,https://drive.google.com/open?id=18AUVjvJBOEops4R0TZYQl42MECYXP4BaplJvWkrFxck,Done
8/13/2025 11:05:41,T8.02,Task 1,https://drive.google.com/open?id=1vn9FnJbERwBNTSdq86SUerjN0kMs8Hk7y6GbAue-_D8,Done
8/13/2025 13:08:12,T8.19,Task 1,https://drive.google.com/open?id=17wRgyLyK5cs0zj17gs4LFJC12Oh4maYIYqnx2FcVLC4,Done
8/13/2025 13:23:53,T8.21,Task 1,https://drive.google.com/open?id=1H1tDqyrzrbD_RuZWF-IWPox9G-2Cbahe7f1lZlHEHxg,Done
8/13/2025 21:22:19,T8.04,Task 1,https://drive.google.com/open?id=1Z4bSgKZgMJ2WUlhKDjTGXxOsxdIwXiAlMvMvMkDEbUE,Done
8/13/2025 22:25:36,T8.34,Task 2,https://drive.google.com/open?id=12NUw0lCg58a7ol-VneSwkmFbQnL102COEdyC_Ozy6PE,Done
8/13/2025 23:08:26,T8.43,Task 1,https://drive.google.com/open?id=1wimxOWgW1gSrFtcTMmgrymUN6weCbkzJIqlcQjvGKHE,Done
8/13/2025 23:11:42,T8.97,Task 1,https://drive.google.com/open?id=1IF9Ws7fuSrBvZ-ZHHmLwHbfiloM-ebuN,Done
8/13/2025 23:12:45,T8.888,Task 2,https://drive.google.com/open?id=1Tb_tj5W5ZHyeLgH07nZUbzmPHb4CuRCZ05ToMdDwb6Y,Done
8/14/2025 0:50:16,T8.31,Task 1,https://drive.google.com/open?id=1CFq4FMNwCEfZFUY6TBwMJg9LtCkjVhRx,Done
8/14/2025 8:46:52,T8.18,Task 1,https://drive.google.com/open?id=1U1Si7hyhaTDA7agclNy3pwSTYGDVO9uUzG05x8eaZA8,Done
8/14/2025 9:30:03,T8.25,Task 1,https://drive.google.com/open?id=1CZArJGqyAR9PShLl7X56SDNr_wHkMsUlTmkw-kWkLAc,Done
8/14/2025 11:50:22,T8.14,Task 1,https://drive.google.com/open?id=1E7LmIotyr26s_55C2mhGCCsAKiBuEABZBPTbVDnIZrQ,Done
8/14/2025 12:19:12,T8.27,Task 1,https://drive.google.com/open?id=1nP5tOQuZxLkjonWcPSRnZJ98QLJ287qHqp03LvrO_5Y,Done
8/14/2025 15:27:53,T8.39,Task 1,https://drive.google.com/open?id=1b-iIGOqY9kEGC-CsAtF8_eRKBwoJsO0qjMIo_r7n3-k,Done
8/14/2025 18:23:41,T8.01,Task 1,https://drive.google.com/open?id=1zbH5ThL876Cl9jsOIrWFSp_FCumK_vQsGudkoxrFuRs,Done
8/14/2025 19:17:42,T8.21,Task 2,https://drive.google.com/open?id=1QhcYa1owZBy_8ZJBw4adE2aVEFxwsDcV4mZIrXDWggg,Done
8/14/2025 19:22:41,T8.64,Task 1,https://drive.google.com/open?id=19i6Btla5gr0C51y6ITImcS8Rkv5rkiSEED7-znkgGFw,Done
8/14/2025 20:30:42,T8.51,Task 2,https://drive.google.com/open?id=1h-aNzsrkFbmyVZPcNVcJbQGsY7nJpAUghZRhyBz6Bf0,Done
8/14/2025 21:12:53,T8.76,Task 1,https://drive.google.com/open?id=1vDwLGIbObkad4yaV2qximUeToOnXkJS1KzFuwfPqHNE,Done
8/14/2025 22:11:49,T8.30,Task 1,https://drive.google.com/open?id=1CKKA2ASmQQf5Rx52yhOE1xcktu17yBcxn0EtChxIliU,Done
8/15/2025 2:16:32,T8.27,Task 2,https://drive.google.com/open?id=173b5q4EHMWCraIKMQxQdHT2FBiCnIv_UyLZ3MbWkUAM,Done
8/15/2025 2:27:12,T8.10,Task 1,https://drive.google.com/open?id=15NoZ7vZXk0c7UtePYP2za-uMLDfD57KAOEOc0UW5Zfc,Done
8/15/2025 8:49:40,T8.22,Task 1,https://drive.google.com/open?id=142lROA41DjwM6tRDcm4JOpK-o17cReasbzqMgpsRT6I,Done
8/15/2025 13:05:13,T8.64,Task 2,https://drive.google.com/open?id=18vmY_YAyrM1cLOcKjKFUpJVy2BvT4ip1zmXY5Mvxu-Q,Done
8/15/2025 15:04:17,T8.04,Task 2,https://drive.google.com/open?id=12ERgpPIht86V5oPBJUoNub8T0-zVq-fndcwcbmPYuK0,Done
8/15/2025 15:07:02,T8.18,Task 1,https://drive.google.com/open?id=1_Rxy_TkRG5IiaUPBEZE6xdohUqAd5-KeoMESYvDK6Ss,Done
8/15/2025 15:46:50,T8.18,Task 2,https://drive.google.com/open?id=15DaxwT2Lo99pZvR1tZl0T6DiynzX_wsgJ1BD4wYc8Sg,Done
8/15/2025 15:49:48,T8.70,Task 1,https://drive.google.com/open?id=1ZMe8UjM08HeuVdqogk6QMnnqRHi2uUiHsCsb1RskLWo,Done
8/15/2025 17:09:30,T8.87 ,Task 1,https://drive.google.com/open?id=1j81Cnlgg1Q6A-tI3WwsJJ2fQ1oEtZNwtBBL6GmS3VQc,Done
8/15/2025 17:55:38,T8.27,Task 2,https://drive.google.com/open?id=1OUVhXHMamjXJGjtdrknetNXJpVsrxaGuP62h_VUi2Rw,Done
8/15/2025 22:06:38,T8.112,Task 2,https://drive.google.com/open?id=16AY_l442S5TA5HvgdmI6poo3RmN_ovPm1-G5GmJ8Im4,Done
8/15/2025 22:40:51,T8.73,Task 1,https://drive.google.com/open?id=1E1XNdnZfFWuW73-cOOeO6Okiy-g0qTlnwO9nPniceXg,Done
8/15/2025 23:30:00,T8.29,Task 1,https://drive.google.com/open?id=1OE2Q8VZSvlpHyARfXMQlo-K0T7L6IlS_GrUudP7hsnI,Done
8/15/2025 23:45:11,T8.73,Task 2,https://drive.google.com/open?id=1DhbuC0uP-ZgtiknDnBHsuqQGiNdViSepk-jwvxKBuRs,Done
8/15/2025 23:55:03,T8.05 ,Task 1,https://drive.google.com/open?id=1wrYxNnf0h2GulcS_RnJ2r61mXcW57iz2UWnnqQJRJHY,Done
8/16/2025 0:11:01,T8.89,Task 1,https://drive.google.com/open?id=1J5t37jvU_-1nIfg0J_LInjV_C8oISv-l,Done
8/16/2025 0:31:34,T8.13,Task 1,https://drive.google.com/open?id=1LX0CqLNQKZhharR65sb26Z8aMvOty2M4ow9yr9dF6x0,Done
8/16/2025 0:38:45,T8.77,Task 2,https://drive.google.com/open?id=1ufgBAcjcYtjXHl2lUsFqtKJprp729mrVz29Z9K89R-k,Done
8/16/2025 8:59:07,T8.51,Task 2,https://drive.google.com/open?id=1YrdlfDR4xev4mRDXuuvoqypqdJXGNLx23_JVZHP8F8Y,Done
8/16/2025 10:45:03,T8.97,Task 1,https://drive.google.com/open?id=1PEbHMT6o9Zaej14p92XToyYycQowXhTp,Done
8/16/2025 11:16:27,T8.38,Task 1,https://drive.google.com/open?id=1ajDjFPAWc5I2J_W8WwrL5ExdkES8_Q2UwFdlmva9HS8,Done
8/16/2025 13:51:06,T8.26,Task 2,https://drive.google.com/open?id=1xDrqmlBgtASSiSgjHpTG-FegzevN2n7gqhR2T1ykKnQ,Done
8/16/2025 15:32:17,T8.27,Task 1,https://drive.google.com/open?id=1mNlqpEfR-AhBSo9nLSKwRTJ5sXEXL-xojTjQXr8k9-E,Done
8/16/2025 20:48:16,T8.32,Task 2,https://drive.google.com/open?id=1CIMuPmEGh21a04vyEiMWwqc6UOMpKYoS5qOk5HcyIJA,Done
8/17/2025 0:07:47,T8.45,Task 1,https://drive.google.com/open?id=1c-ImitMM13Qonumr8q2UAlpiJIilW4QF_AyZU2ojoLc,Done
8/17/2025 21:43:22,T8.28,Task 1,https://drive.google.com/open?id=1cTwamUwdo_BHceRjBvbBA4cPXI0pspTgGhnboKKDQAo,Done
8/17/2025 22:41:22,T8.05 ,Task 1,https://drive.google.com/open?id=1KPbdcNyN549o-NccJRLNTWIGKe8mDeEP8gS_ptHv5d4,Done
8/17/2025 23:41:27,T8.20 ,Task 2,https://drive.google.com/open?id=1fp_F068xcVw4bupcW29Rnvn_4I_i-YxwqKQutMkXquw,Done
8/18/2025 5:09:17,T8.16,Task 1,https://drive.google.com/open?id=1dftzMGJZmu0QHkGdm_2Fh7gw94s_ANveeCPcHQfVHOY,Done
8/18/2025 9:06:41,T8.02,Task 2,https://drive.google.com/open?id=1KWrD6rOTAHaBJjExjpOrqCTcFrmRH2GzcjcLCk5fcmQ,Done
8/18/2025 16:58:28,T8.34,Task 1,https://drive.google.com/open?id=15M0vqATZqeMZIruEKPxb6CMPpFzo45UF4EMs67QJMEI,Done
8/18/2025 20:29:19,T8.27,Task 1,https://drive.google.com/open?id=1-HDmvkI-rQKHtFBCGdkN1hll7AIxNLfbuRi5MIqyZJM,Done
8/18/2025 21:07:54,T8.79,Task 1,https://drive.google.com/open?id=1TejJGqfu92P5UDtK4pS-fPHitvItHHwX,Done
8/18/2025 21:15:58,T8.79,Task 1,https://drive.google.com/open?id=1NUf3rVLM0lg3lincs0kap5Gi_xwhn4Ll,Done
8/18/2025 21:17:15,T8.79,Task 2,https://drive.google.com/open?id=1ObroLbzORi7i_qRoDoefsE98yMDxV5Lu,Done
8/18/2025 21:18:00,T8.79,Task 2,https://drive.google.com/open?id=1fxy4SNqrduTc4igz0H82Fj0hB23jOFYn,Done
8/18/2025 22:20:30,T8.75,Task 1,https://drive.google.com/open?id=12-HnCGzsViMkirwR4-yQpCbRI3REW2Wig_hCmhkdMSI,Done
8/18/2025 22:23:14,T8.74,Task 1,https://drive.google.com/open?id=1aVlPA49g11Ni1TyyqtIQMkDRZsXF2FWKI5VyKLIqv28,Done
8/19/2025 0:50:29,T8.777,Task 1,https://drive.google.com/open?id=1r8nXecOAnLv5Fum0saCrhgoYgIEpQqzDn7lh62UbXAE,Done
8/19/2025 11:11:30,T8.27,Task 2,https://drive.google.com/open?id=1Xhv5315cTz0-JVeSc1_XxATg79rC8xW3E3rymEHNFeQ,Done
8/19/2025 13:02:29,T8.51,Task 2,https://drive.google.com/open?id=1R9CgMAWAfEdobs6z2cRG2vO2KrGr8iBxImzaKmHQhGM,Done
8/19/2025 16:08:35,T8.87 ,Task 2,https://drive.google.com/open?id=1FIO58R7Z7elRnfVA8YUNo9cBYpzJ4ldydVY_uoRZM84,Done
8/19/2025 16:36:06,T8.16,Task 1,https://drive.google.com/open?id=1g5_JICm22N9Y44gT8-44ftZmSk7MjDGRKeuRAUF8PRM,Done
8/19/2025 17:14:31,T8.114,Task 1,https://drive.google.com/open?id=17Uf9GO1tovB8XONWxKufG02UcJAmFnQRcvQGxSTM_sg,Done
8/19/2025 17:32:36,T8.43,Task 1,https://drive.google.com/open?id=1gbHtLi5SjnfYNg44sAglSNGV0zg2WvUAWb_XKunFWrc,Done
8/19/2025 18:59:54,T8.07,Task 2,https://drive.google.com/open?id=14OZ3kWL9kZFLRRbYB-53I5NN8KMOm7ITHva__Z0ARss,Done
8/19/2025 21:39:45,T8.39,Task 2,https://drive.google.com/open?id=1AB41r1-7bWKwpG6iMp-aaKZ2R0WRSOSxPY0VaRCB6-Y,Done
8/19/2025 21:39:45,T8.27,Task 1,https://drive.google.com/open?id=1D_2LYcdN6Fj28Rb2FcT83iOsPW9WUTgcg2ic4C1hAqU,Done
8/19/2025 22:09:31,T8.120,Task 2,https://drive.google.com/open?id=1xlM0Ra-kIuC4o2gDVvOyNX1O3id3_-7OwAYQrLF7erU,Done
8/19/2025 22:35:37,T8.27,Task 1,https://drive.google.com/open?id=1gGwaC-3z7OlHnXdkIaUpOgiZlE1RZtJy9_D39qx77WU,Done
8/19/2025 22:46:09,T8.30,Task 2,https://drive.google.com/open?id=1tOoOc3j6L0xs8him1FCPPZXpBGrulB1MXzpb6cnGlyM,Done
8/19/2025 23:16:11,T8.19,Task 2,https://drive.google.com/open?id=1xOl655V3yysgkD0JKxbgWrCDnDQ_Fgie1m3k88RspTg,Done
8/19/2025 23:53:41,T8.72 ,Task 1,https://drive.google.com/open?id=18DReeo3GM8fpzDwnXOJ7dsJW_a5Ec6YgYi8ac1HqSY0,Done
8/20/2025 0:15:26,T8.04,Task 2,https://drive.google.com/open?id=1Fw3Kair2k5egTZgns_csOx4_C4wBFVed82wgBctr0fQ,Done
8/20/2025 0:26:53,T8.08,Task 2,https://drive.google.com/open?id=1YLH1lsl7gdKhctG1Jgj8xZy7hdmEhptLAU3V2ZAs0Qk,Done
8/20/2025 11:39:49,T8.76 ,Task 1,https://drive.google.com/open?id=1SMCEtRJhCcAJLtxURqyXlc68gFbhP_HAsqKKPklJkfc,Done
8/20/2025 13:08:32,T8.27,Task 1,https://drive.google.com/open?id=1EBNdbeW3bEpEAmtz5DbgC64wacrKopwKdu5FIUpAl1M,Done
8/20/2025 20:40:08,T8.32,Task 1,https://drive.google.com/open?id=1v1L5eZG84mv-hlNGIlkjU4JzRRUEKFxH39_D3tT8cY8,Done
8/20/2025 20:58:01,T8.74,Task 1,https://drive.google.com/open?id=1vHxGpR0hmLjZN4H7Tt4d_EjmhKlSeIUejL7TxNqsOMU,Done
8/20/2025 21:09:37,T8.51,Task 1,https://drive.google.com/open?id=1G82axMVBKgAo6sDs5HA6wFoVUu9SnBOLTGHRvLVI2xA,Done
8/20/2025 22:57:23,T8.52,Task 1,https://drive.google.com/open?id=1IdWIiPP45XYZq9gIWZSKG1JqNCRnCLASvhceDLBqDek,Done
8/21/2025 9:02:54,T8.75,Task 1,https://drive.google.com/open?id=1GYePhCZIBFeM3AxbyfgpS8BVBOh3j18YUzxqDAqx8q0,Done
8/21/2025 9:49:49,T8.40,Task 1,https://drive.google.com/open?id=10A34X_WgKDP2bfl6I3s5mRwBkKIqhxwS,Done
8/21/2025 16:21:44,T8.53,Task 1,https://drive.google.com/open?id=1SiM8UYNIslTmh7Ud7Zf7I4VlusdfliUX,Done
8/21/2025 16:45:48,T8.114,Task 1,https://drive.google.com/open?id=12iLryAAtmW-5NVkzTirDanv-AKckUtQe7Gpwj9bAauc,Done
8/21/2025 16:48:35,T8.34,Task 1,https://drive.google.com/open?id=1SIRRM2-7wLlOkfBKUsDaqg7efvLV1nTJv69xOWFzi_o,Done
8/21/2025 17:11:01,T8.74,Task 1,https://drive.google.com/open?id=14w78iNCHh_6QFjQgBtuNv5fsNWfcRZD5rLXkt0WJAUE,Done
8/21/2025 21:00:11,T8.103,Task 2,https://drive.google.com/open?id=1-c2RMtvdIIKn0ZRTeznScmWQ4VDy2A8MggO-_F2fIjc,Done
8/21/2025 22:38:39,T8.46,Task 2,https://drive.google.com/open?id=15nvAXYRlQhBS_MiaIi6Ugt_ROts8gqBDtXYozq1mO34,Done
8/21/2025 23:06:28,T8.37,Task 2,https://drive.google.com/open?id=1rPRzgPaMlf9KfIJT68Zz8kplCsS3uTR7,Done
8/22/2025 0:05:52,T8.28,Task 1,https://drive.google.com/open?id=1-uvSpzGEXaOpXN0qcKbKTtNxeZIchmSuzkCJFUNTXsg,Done
8/22/2025 0:11:09,T8.03,Task 2,https://drive.google.com/open?id=1ORrNC_7xk2PcUwqPAwVNjA8AgarrUjy2,Done
8/22/2025 1:45:09,T8.48,Task 2,https://drive.google.com/open?id=1gzk_UnOS6M82VkEiAmep7Uiwr7S-xUDNUfJSbkMq_Ik,Done
8/22/2025 1:48:05,T8.05 ,Task 1,https://drive.google.com/open?id=1pfJgr6niNg6W4c40KJHoBvl-DJ35A3vhKl5l4IBdlDE,Done
8/22/2025 1:57:36,T8.05 ,Task 2,https://drive.google.com/open?id=1GvhfrV4GcvoDATBdHDzNllzLOixB-cWqa7bBYXWVI5M,Done
8/22/2025 15:05:10,T8.04,Task 1,https://drive.google.com/open?id=1VLbf_Dx2I4Uxsj5pIMrkW8nc0gWdLK6sjwRGwIq2BOo,Done
8/22/2025 16:54:37,T8.96,Task 2,https://drive.google.com/open?id=1tZuofg4Xl7XvgvkE1_3rLf7gdDJjjhJRxuHG-LPpAIM,Done
8/22/2025 16:55:25,T8.96,Task 2,https://drive.google.com/open?id=1VSZ2dX4sO9Zrfn5CMokbaLiRUJUyU5fF9bROEsRz5m8,Done
8/22/2025 21:27:29,T8.108,Task 1,https://drive.google.com/open?id=115W3q0if-fjVlkgqOREG5466Slhwt227sqrfbJR8VgM,Done
8/22/2025 21:31:02,T8.03,Task 2,https://drive.google.com/open?id=1G78IccFxpUkI4TrjIzAkA4pMDWpELwdl,Done
8/22/2025 23:17:43,T8.03,Task 1,https://drive.google.com/open?id=1PC7txB72IExI9l2i1msRVxTOoLx5jmHy,Done
8/23/2025 0:46:53,T8.22,Task 1,https://drive.google.com/open?id=1wruohPl_NPJbN1ZShTS_yTVm7cmLQ_p9nVhHBJFg5ls,Done
8/23/2025 9:37:00,T8.75,Task 2,https://drive.google.com/open?id=1myVy1GFCSICIxK3MH4Hj_yLE2rdbMtiU8R5DtHhuBvY,Done
8/23/2025 10:05:59,T8.200 ,Task 2,https://drive.google.com/open?id=1VOoVJftTOMvF_2Lsy9dRLHbS_qFt64CGUvoWLI9l3X4,Done
8/23/2025 10:08:33,T8.43,Task 1,https://drive.google.com/open?id=1e47iUqtb2FeYQe5Az1aanN-_QBp91XmYI7Rz210hYEw,Done
8/23/2025 10:09:47,T8.43,Task 2,https://drive.google.com/open?id=17pCJDE3lhQGTtZOuSuFpZGl3K4C0kSGbE0Num7H06v4,Done
8/23/2025 15:47:55,T8.75,Task 2,https://drive.google.com/open?id=1s2pRh1TxMg_XzXCqXsKvGaCYVIAWnalYMlLzyuc5Nf4,Done
8/23/2025 15:48:51,T8.75,Task 1,https://drive.google.com/open?id=1aN1pVi-e7B_NP_Nn5srBr6K4yDu-hmKH1Ej04TCaXJc,Done
8/23/2025 18:45:30,T8.29,Task 1,https://drive.google.com/open?id=1w562o6OuHE1625yFVSw-ejiQN6r_XWc7tAnXE_KTtYk,Done
8/23/2025 19:57:35,T8.32,Task 2,https://drive.google.com/open?id=1ur2oBgOcO9r-ZyKLQ4lxZrj4RBz_9nePESblVNeBbpE,Done
8/23/2025 21:09:58,T8.39,Task 1,https://drive.google.com/open?id=1lc6RBjfptvVMqKcCfpB8yYtXu3a3gtlouHhMr7qpMsE,Done
8/23/2025 22:20:55,T8.24,Task 1,https://drive.google.com/open?id=1OjRhYLqTD1kkecbGA8myCI0D9cHYeCw95pWL_o1WV7M,Done
8/24/2025 7:30:02,T8.02,Task 1,https://drive.google.com/open?id=1Y_CukITh1CSCUNlnSFsbu8PS0juETtp-k8NI9gwXdiI,Done
8/24/2025 7:43:46,T8.888,Task 1,https://drive.google.com/open?id=194r3Y95BNTXB3GTgFrRARTiyv8WRSvcORzDJPSpEm38,Done
8/24/2025 9:48:14,t8.103,Task 1,https://drive.google.com/open?id=1CO95Nvns1jzxlRd9x8TrWhm-UHfnEsvm,Done
8/24/2025 10:54:18,T8.02,Task 2,https://drive.google.com/open?id=1rI-FsIwMnnN9byCK-xaX8BRaR9gROSYUWDnf9mcRFgE,Done
8/24/2025 12:03:40,T8.31,Task 2,https://drive.google.com/open?id=1BYVP2OdZlVv_zRq3mneLM8CTL0j3l5X-_VDuNwcDTaQ,Done
8/24/2025 12:04:33,T8.114,Task 2,https://drive.google.com/open?id=1zL1HRE1c80nO1RkSESum-Z_ohB0C58-PiNfH9pYi8u4,Done
8/24/2025 12:38:35,T8.30,Task 1,https://drive.google.com/open?id=1zyssq-a2Y5eUy7SZco62KhGLkggmQ6CadLWQZd0AfiE,Done
8/24/2025 16:02:13,T8.96,Task 2,https://drive.google.com/open?id=1cErP3HP6XpqBbMJyz3JU_RQ9Hd8knH9P2wo7WLI4Tks,Done
8/24/2025 19:58:10,T8.64,Task 1,https://drive.google.com/open?id=1MSEkwY1or-4t2eDfiL9lAry_jFHjbZJ0TcxwBl2RSo8,Done
8/24/2025 23:21:27,T8.29,Task 2,https://drive.google.com/open?id=1eFfhGI-Oi49iixPKuTq9IC6dpdqmzLz6aQE9daVgpMw,Done
8/25/2025 0:14:32,T8.42,Task 2,https://drive.google.com/open?id=1uIupwBXLnNW7AUgbN70YxMLtvFw6yVUiuDc8Ouy7cMM,Done
8/25/2025 1:48:02,T8.53,Task 2,https://drive.google.com/open?id=1u-FfoL4PtcTpVCyfLBpCe1kwqpQJ3ACtd4a3g0Kk6o8,Done
8/25/2025 2:12:39,T8.51,Task 2,https://drive.google.com/open?id=18AI_bjSfoNlgUYvTvm1DGxUQO2FhQhqeUzZUL-j1Xb4,Done
8/25/2025 21:30:10,T8.45,Task 2,https://drive.google.com/open?id=1tow7qkjNQa4yAw0S8bkgMvap8ZR9vMXpX4MX2HKOwJE,Done
8/26/2025 0:38:59,T8.48,Task 1,https://drive.google.com/open?id=1eGPUbxIim0weuAafKXb5WmIzV27y7feyNMROrxT0xVo,Done
8/26/2025 1:10:13,T8.39,Task 2,https://drive.google.com/open?id=1BmZ9-Q2HUjBmbb6rTGIDfLeoDe3ZrIHgosU6uRczZac,Done
8/26/2025 2:15:20,T8.76,Task 1,https://drive.google.com/open?id=1dTEZoEp9SpLMgV33aslcRfwgmLNTjl61huCLGwWoru0,Done
8/26/2025 11:12:56,T8.29,Task 1,https://drive.google.com/open?id=15Gwr3Xh6SSKj28qXMtrbi9L8enb63ptSXnkDXIqkchk,Done
8/26/2025 11:40:31,T8.02,Task 1,https://drive.google.com/open?id=1Zor_aUlibKo4xQq-1i68oqYZxPEqKWQ6jKk7OJvOvE0,Done
8/26/2025 11:57:08,T8.30,Task 2,https://drive.google.com/open?id=1hOxMhU7rRMCa3oD2YHqeFUoXndk7tHctnDnfIFeBmEQ,Done
8/26/2025 15:00:00,T8.777,Task 1,https://drive.google.com/open?id=1fMhWUN91Rdu4BbcLkV93wE167adu8PSqTgLu87lahbc,Done
8/26/2025 16:58:40,T8.67,Task 1,https://drive.google.com/open?id=1tmghKk5mrNm1f2BzOu1A-phTpwE_VebcW2Zyp995P38,Done
8/26/2025 17:21:50,T8.42,Task 1,https://drive.google.com/open?id=1vMEEldxoMXTION0XCDCOr7wFP9ozb9vud7F-Ueblp6k,Done
8/26/2025 17:24:15,T8.98,Task 1,https://drive.google.com/open?id=1AnVhSh0IJkd03DrxZwLGVNiBNduL0BpI,Done
8/26/2025 17:24:56,T8.42,Task 1,https://drive.google.com/open?id=1aI5FirDNpYJaOCveRhCFHuuTOuVTOO2DA9Zd8RBllhc,Done
8/26/2025 17:54:38,T8.89,Task 1,https://drive.google.com/open?id=1CfqVZNpmeN1Nki1DXgN_v5OUGleYhT_g,Done
8/26/2025 18:30:59,T8.102,Task 1,https://drive.google.com/open?id=1mw8Lov_8QYdvL5TGaNZOOM__VdK-6GhYjNmFPHk68AE,Done
8/26/2025 21:46:03,T8.53,Task 2,https://drive.google.com/open?id=1ZxaF0ffkB2yg1Vnt2oHun3RQVeXelA049uOrB-6tW70,Done
8/27/2025 8:41:13,T8.759,Task 1,https://drive.google.com/open?id=1Xz4b9CotE7jNMJodqgd8Xj1ClI-3tEhyNUBbhidds3Y,Done
8/27/2025 11:26:23,T8.479,Task 1,https://drive.google.com/open?id=15kZ85B08jFboxggSwkV7MOOARI7GfS-Is3jKIOopBKc,Done
8/27/2025 13:48:56,T8.923 ,Task 1,https://drive.google.com/open?id=12LIgw7JOfdYsHEmSMV2f0oQi6dasjxOvirPncZGlBX4,Done
8/27/2025 14:35:04,T8.777,Task 2,https://drive.google.com/open?id=1wkdL4OFGDosZxU2VCuXpSvWWeZC8nhic9E3BkYgJFZU,Done
8/27/2025 14:55:06,T8.28,Task 2,https://drive.google.com/open?id=1qNAeGei9x30yr-DuaHvv5Y92O6UhziTyVjpI-T-dh2U,Done
8/27/2025 16:10:44,T8.87,Task 1,https://drive.google.com/open?id=1mrUsedCTE7OE9HS8p7YQDuNz9TTv6JHUF4zap8-fVdc,Done
8/27/2025 16:29:07,T8.67,Task 1,https://drive.google.com/open?id=1pipI5oLvqFbAecdvb2FRicbKuCCUL7K0U41nEWROSk0,Done
8/27/2025 18:02:47,T8.42,Task 2,https://drive.google.com/open?id=15mfv_Wu-O-1Sy-P3fiHt5X2kDxgISyP6mXh6TTtazJE,Done
8/27/2025 22:03:54,T8.103,Task 2,https://drive.google.com/open?id=1fNGuBi16k68lwvsp4ASt7w7Dj70aYOFb_lf6f8VbjUc,Done
8/28/2025 4:31:04,T8.67,Task 1,https://drive.google.com/open?id=1lYhfQal_kS2tZPZKf5h7T4hhRbgPxQ7GAUMfMuMk5qw,Done
8/28/2025 8:58:47,T8.26,Task 1,https://drive.google.com/open?id=1jZj6ujSXZZuAyYHewsSRbTWECtzvL8sZvNGn8OYUzNw,Done
8/28/2025 10:30:05,T8.26,Task 1,https://drive.google.com/open?id=1fbOYUdKTye9R7_Jfwv88w0dcGsnjSJjcNzkS3wUdtkw,Done
8/28/2025 10:41:05,T8.759,Task 1,https://drive.google.com/open?id=1QSETKpHhfBYO3l7-mJbwfF0wen-Cw23q2adhOwNeA5c,Done
8/28/2025 21:19:43,T8.28,Task 1,https://drive.google.com/open?id=14-xWLYjj6KFU_Dk2HVHBTmhM7bYj7bOzomyxbzIyyJk,Done
8/28/2025 21:27:15,T8.46,Task 1,https://drive.google.com/open?id=1eY7DjMZXohlIzJMIeHziAEh1GUbOCWbjAsZUgO0EnZ4,Done
8/28/2025 21:42:22,T8.48,Task 1,https://drive.google.com/open?id=11RMV74d5QDFkK592n7o4aouUtm5iC8hhHqJotOzyYb4,Done
8/29/2025 16:26:04,T8.93,Task 2,https://drive.google.com/open?id=15gxozpH2_vUZRUbHIyTlaAekwgcKkVS6Yl6bP-a1FSA,Done
8/29/2025 20:04:43,T8.01,Task 2,https://drive.google.com/open?id=1Vr0Uqr2oSpiY17P6UCJ28PMLyjupOvpgluoK48xD-mQ,Done
8/29/2025 20:07:13,T8.29,Task 2,https://drive.google.com/open?id=19ZmfP1yt1rfKPkz5oYZBo1G8dhv53ymeXcfx5OKjJe0,Done
8/29/2025 23:23:51,T8.77,Task 2,https://drive.google.com/open?id=1YFCH1F4iYTNgyZi4Z3OMWrvlbyuZHNNUj_j6DJ-Bhh0,Done
8/30/2025 0:06:11,T8.30,Task 1,https://drive.google.com/open?id=16p8g4O7eXcAyXVCAGbmnUg_2qOO9aMmxrTsaPYWrjwU,Done
8/30/2025 10:40:34,T8.77,Task 2,https://drive.google.com/open?id=1im1uZ-JiyNoyUPISR3Q3iBJrG4TkuDeU-X0vLXi2Duc,Done
8/30/2025 14:01:52,T8.02,Task 2,https://drive.google.com/open?id=1187AsHwvbsZwgkRD9bvqpTpH06MCAIl0Uub_FvwZ_Vc,Done
8/30/2025 15:58:06,T8.95 ,Task 1,https://drive.google.com/open?id=1h0llqBmU3aYZ_00zwSWHwJk0JEQ4tdHbeINGjzbE-9o,Done
8/30/2025 17:29:59,T8.87,Task 2,https://drive.google.com/open?id=1gLirJZXuYmPE5BnUSeEFFuSmY8POIyr0ZOnePyJwRpE,Done
8/30/2025 17:30:01,T8.114,Task 1,https://drive.google.com/open?id=1P5bkqzzaUzTsW1R7P3TSscq-DhW3PPS5TjbZMXkWG_g,Done
8/30/2025 19:03:07,T8.21,Task 2,https://drive.google.com/open?id=1eOJml1zV6NhTBW0Q0EocNpMhxBEfmzr5crgg7IPrEQA,Done
8/30/2025 20:35:21,T8.40,Task 1,https://drive.google.com/open?id=1CxhWOyOY0TvAWSzrSnDqTh33BtchIXBq,Done
8/30/2025 21:19:14,T8.64,Task 2,https://drive.google.com/open?id=1lQmO7iVmTjssXFa5ZlpfK9F-JLbzTVsvAbwA5qO8UaQ,Done
8/30/2025 23:38:25,T8.22,Task 1,https://drive.google.com/open?id=1ZPc2DeFVVO6J4XGQkTqzLH1gxFys9dQAKBxRS2gwk7U,Done
8/31/2025 12:37:33,T8.123,Task 1,https://drive.google.com/open?id=1PSoTRpbAFlAmaPb99M1cCjvrribHglttXgcNAW5UbW8,Done
8/31/2025 14:02:09,T8.72,Task 1,https://drive.google.com/open?id=1ldUJyKcV6LbyklqcvTUE0_IaZ7D61E-kHgiZX7ciSig,Done
8/31/2025 14:07:08,T8.72,Task 2,https://drive.google.com/open?id=119UaTVgQLC9CLLgWyg-WMv60RQ1PBpSowBsPh_bCA6k,Done
8/31/2025 16:23:27,T8.21,Task 1,https://drive.google.com/open?id=1QSeH6ot6M9ovEI-boCSZUFeZYcC0Q2E5sIc507rMsDU,Done
8/31/2025 22:53:58,T8.91 ,Task 2,https://drive.google.com/open?id=1hEII2qxhvw3ERRE6I_n_8vuEg_NWr0_rZMMnf_StY9o,Done
9/2/2025 23:39:03,T8.21,Task 1,https://drive.google.com/open?id=1V3YHoGtEZpxdygeu7Ow8jEB0Prct6nD7RNYr9MSmTp4,Done
9/3/2025 10:48:59,T8.923,Task 1,https://drive.google.com/open?id=1-sbyVIHCrdRlMEdQ62GBcSrhTlVsp6-IwExnUiapWdM,Done
9/3/2025 21:44:42,T8.87,Task 1,https://drive.google.com/open?id=1nUEGTqK5Qpcsays_6V8XdOqMC_6aJWfqsDFWBP4JZrQ,Done
9/3/2025 22:32:19,T8.05,Task 2,https://drive.google.com/open?id=1q5Cha2EC1CfF4RSHOeTuYpwhyg2qP3UXVX5vLl-vDmI,Done
9/4/2025 11:15:32,T8.26,Task 1,https://drive.google.com/open?id=1VCv0IOjag6couKpMQNINNpLkzEjKWC_d95riAf8mFOk,Done
9/4/2025 15:30:42,T8.96,Task 2,https://drive.google.com/open?id=1-PMRKt5gWq2Gce4nWWzysqR2zQpYlFXfbiZxTYspSFs,Done
9/4/2025 16:42:26,T8.42,Task 1,https://drive.google.com/open?id=1YOCvoyOr332hYN-2wDBQuxyRcm1gRKocFTNevPQ2L4E,Done
9/4/2025 17:04:39,T8.75,Task 1,https://drive.google.com/open?id=1KurVdPWbdzO_MbsLTz3KQ2DsUsrC_YA1iR5F2uslWTI,Done
9/4/2025 22:04:52,T8.103,Task 1,https://drive.google.com/open?id=1pZVFSzH8FXioA3bdRTXrB3xuOcZORcgtcexKSA7DFUw,Done
9/4/2025 23:04:10,T8.02,Task 1,https://drive.google.com/open?id=1dRKzR5VclXdE-RtXUQGfYcNk_ZF05TJCc3dGsJ7wRQo,Done
9/5/2025 16:40:52,T8.42,Task 2,https://drive.google.com/open?id=1xRJGxov19epRfE2g4MUtVCc6xQkV5OOPd_CJpQ2Fvvw,Done
9/5/2025 22:28:11,T8.114,Task 1,https://drive.google.com/open?id=1BvHU4jLWvU9Kt9Oo2MsPOkNTMLeX706C50wZA9j3Fls,Done
9/5/2025 23:29:57,T8.75,Task 1,https://drive.google.com/open?id=1fyJJa69aSEOMhcXRIohy0huyRxcGrPXcUhTkSRTy7HI,Done
9/6/2025 11:31:25,T8.65,Task 1,https://drive.google.com/open?id=145iLCB7hL2E4tXemYzO1cnkmPJq44ClwyXLlSn4j2Os,Done
9/6/2025 18:57:40,T8.103,Task 2,https://drive.google.com/open?id=1nah_PAfZQJjkIkDFV99SI3kzq7dAd3GIN5ILGWOErRA,Done
9/7/2025 22:04:06,T8.04,Task 2,https://drive.google.com/open?id=1YS9lN6MRIuNaYsNqllDjVqV0YEnpfVwt-VrzfRjvUkY,Done
9/7/2025 22:08:50,T8.04,Task 2,https://drive.google.com/open?id=17vPOosj4DEWyBIbEt_LVZ7X1m0vpm8HsXP6DXv6BBTo,Done
9/8/2025 1:10:36,T8.01,Task 1,https://drive.google.com/open?id=1BGIo16-MY-LR0Ie4XNQTEI3LzJ7QZvoXT62nxliQ2rI,Done
9/8/2025 22:11:02,T8.28,Task 2,https://drive.google.com/open?id=1jkHvTckULnoS8YSLlQw0CkL03TeK4f4rLRlTJTVH1bQ,Done
9/8/2025 22:50:59,T8.74,Task 1,https://drive.google.com/open?id=1sgaNbqQDhTyRDYgUHNfe_nVwZPRdxp2-vLnmmGOTHbc,Done
9/9/2025 0:31:09,T8.26,Task 2,https://drive.google.com/open?id=1LARmieayFmjg4mv3IVkcS2Ozi1RgIJDUny_T0QJb87M,Done
9/9/2025 0:58:53,T8.04,Task 2,https://drive.google.com/open?id=1jkCDSYFRim-lo2Adq5vjLJwxw3eug6vNmaz-5JAPo_g,Done
9/9/2025 4:49:36,T8.29 ,Task 2,https://drive.google.com/open?id=1IUSMd-mG64VtfPwzdfKmjleko5AWfXKBMeRec6dM6PA,Done
9/9/2025 17:11:50,T8.30,Task 2,https://drive.google.com/open?id=18pTgqWobkY8sasIOCZQRV70UE9jDFXy9Wb0QB0m5oFM,Done
9/9/2025 17:14:57,T8.04,Task 1,https://drive.google.com/open?id=1dqd3bHC7r81Qwr_6E6PjqJ_eM14BcfRqDmzmSMZjOSA,Done
9/10/2025 0:56:51,T8.777,Task 1,https://drive.google.com/open?id=1o0o7BKUVh2pZt31xAwNym-y-9ciZVN-Jq_h1Ldk_w4A,Done
9/10/2025 1:05:31,T8.39,Task 1,https://drive.google.com/open?id=10WF1Oe2dwpJx0AZvxXmJgafPATWgao-2Bo0Yp77Ihc0,Done
9/10/2025 1:07:09,T8.39,Task 2,https://drive.google.com/open?id=19nNWJQ15nqF5LfsoMjZq40QsKnjtsvAd3PtsqjiiTRU,Done
9/10/2025 5:27:44,T8.21,Task 1,https://drive.google.com/open?id=1lanD138CecGg7-UvKB5vhpZE-_-09_hLzOUTqC71yFA,Done
9/10/2025 21:53:28,T8.22,Task 1,https://drive.google.com/open?id=1jEaAt29-8zLGw743gSBuNtz5ynMkO_4_,Done
9/10/2025 22:06:59,T8.70,Task 1,https://drive.google.com/open?id=1Ck_M6sub2D4wcbMSIGUjR7pwhN3CdtDgs89ofKwChcI,Done
9/10/2025 22:11:03,T8.75,Task 2,https://drive.google.com/open?id=1-yGDHjw4hlaJbULCIb31uF_L4pWwIyTEaMIvbgAe9Nw,Done
9/10/2025 22:25:52,T8.114,Task 2,https://drive.google.com/open?id=1oDzin2CiaUZe3j41hMV0Ric6ka9RNfbEto1HEPRJyjk,Done
9/10/2025 22:45:09,T8.07,Task 1,https://drive.google.com/open?id=1xZ8yIsHquEWi-ha3dPjGt0FFIEjyus4q6vbJJTy1Lao,Done
9/10/2025 22:53:42,T8.07,Task 1,https://drive.google.com/open?id=12EBj3wgSMjsvw5R2MYnnb8-qu_tz4EnSE1hFRdoOdMg,Done
9/11/2025 1:51:07,T8.29,Task 1,https://drive.google.com/open?id=1dWZpz6S_ukyQKRRhorfWUVQ3MSr08ZxfrR7AiuVlVf8,Done
9/11/2025 16:43:09,T8.74,Task 2,https://drive.google.com/open?id=1I7a15FgpLr8SPMieAjON7sabQnPDUgCyhYHe-VB_3kI,Done
9/11/2025 17:12:30,T8.75,Task 1,https://drive.google.com/open?id=1VOEfwjbg7xww8J8eXPB8zLVVd_JQcLdze0M2ixZMblY,Done
9/11/2025 21:07:09,T8.87 ,Task 1,https://drive.google.com/open?id=1sOOJDlxbHQvn35EwLmLpOfK5X8T9grY55gk8T5pQ6SA,Done
9/11/2025 22:16:53,T8.14,Task 1,https://drive.google.com/open?id=1jWSuJw7Xv74XPW1QnT7711XWfrSP7LKM8qa1z-P3VxY,Done
9/11/2025 22:17:16,T8.14,Task 1,https://drive.google.com/open?id=1QspKHW7mRN7CG-BOFO6-9mJ6YMynAH__jHlEGoFCALA,Done
9/11/2025 22:17:25,T8.102,Task 1,https://drive.google.com/open?id=1pMMG0pCEGVSUH3PqKn2Ca287AyzPHBVDmLTiBybemIs,Done
9/11/2025 22:18:43,T8.14,Task 2,https://drive.google.com/open?id=100eWA9twpIudrjuESzhLFfwRgdzgLXeWYBktgagrqS8,Done
9/11/2025 22:23:05,T8.21,Task 2,https://drive.google.com/open?id=1Ol-_FNhGgy5hVF_qNZto9t5-pdLecHIahNd8wKB4AFQ,Done
9/11/2025 23:04:15,T8.114,Task 1,https://drive.google.com/open?id=1Hc7GvYTIQpfGKlRFOJuF04mW2fR-5tE2DSWXVh_U4PA,Done
9/11/2025 23:04:44,T8.03,Task 1,https://drive.google.com/open?id=14e7wqiTKRNl8UtkD_ZYhQk-hkH1Glw4v,Done
9/12/2025 17:26:50,T8.479,Task 1,https://drive.google.com/open?id=12qIxQ_oZ9t20UZWlXNPYdqnQnyrUToxeWMmabHA92dQ,Done
9/12/2025 17:59:35,T8.03,Task 1,https://drive.google.com/open?id=1Is0rcr1klw8sTp_UcFzhid5wDm788q71M8IbP7BNnB0,Done
8/9/2025 12:23:57,T8.33,Task 1,https://drive.google.com/open?id=1a513Bo_1ZXXqDs0kEgXPO3cSfr77I9Z5t1Mpk6F6S28,Done
9/12/2025 20:13:55,T8.53,Task 2,https://drive.google.com/open?id=1NwejOHlpJw8WLaZn1PZ1Mod89w8epNj6SPbyP6jRdhs,Done
9/12/2025 22:16:37,T8.19,Task 1,https://drive.google.com/open?id=18owN8kuHxRkmuLgU5hD_oRgtmP_9NVJWZi_Hb1v1ur0,Done
9/12/2025 22:35:56,T8.103,Task 2,https://drive.google.com/open?id=1RtO7ZpOw5kq2MbcMWsHRi7Bc4LgcFbs7fX2d1t6XnCs,Done
9/13/2025 15:35:17,T8.29,Task 2,https://drive.google.com/open?id=1OzZZ5zRJWAp32m0iE3S0Z1EjZ7Q1kdwK5p7D0SjEIjA,Done
9/13/2025 16:00:51,T8.200,Task 2,https://drive.google.com/open?id=1lz31fyRHGwts6m_Eh0S_5z47qkj3iypIyT2l1fAdsVI,Done
9/13/2025 17:14:28,T8.42,Task 1,https://drive.google.com/open?id=1Nm-8mb__6EObXA6PHaADyzaLWUD6vhpexWEwsIOLHj4,Done
9/13/2025 17:15:11,T8.98,Task 1,https://drive.google.com/open?id=1INlJ6MxCEEtJ3RJ7Yl6-zUW96ZNWu1Ui,Done
9/13/2025 21:35:55,T8.28,Task 1,https://drive.google.com/open?id=1xnQVZJcwNIVWykKxTq8vwriwF_g9OaRoB_LmvixitlE,Done
9/14/2025 10:21:52,T8.26,Task 1,https://drive.google.com/open?id=1tGf37Jpzcj65wKqokRdkgiYovL_Scl33BYQtJ5HvipI,Done
9/14/2025 10:39:54,T8.923,Task 1,https://drive.google.com/open?id=1OGIbEJVCLB_guggKh3P-sKv96LSZU55UBjZCCMstdJ8,Done
9/14/2025 15:47:37,T8.777,Task 2,https://drive.google.com/open?id=1DxIEheOaEetrsQmPZk1PbaQUa7Ho0pc5ntkniMpCZ-4,Done
8/6/2025 0:10:34,T8.21,Task 2,https://drive.google.com/open?id=1SEn3pkwjPXDNAcYOjlHN4r5ePWzs3hEVQFkm7dsdl_U,Done
9/14/2025 21:44:03,T8.479,Task 2,https://drive.google.com/open?id=1b3XgvFSN7KD1kTNQsDI37YHyLDyM9iGIV1ym2SrFWog,Done
9/14/2025 23:09:47,T8.102,Task 1,https://drive.google.com/open?id=17NlSZqee6gy_nfKTTZW98lP2jVquSbwXHYdnPAvNwG8,Done
11/26/2025 13:07:20,T8.10,Task 1,https://drive.google.com/open?id=1qXHa0NK0gEZlE3wap4Z-HxQn-40JqnZsHmDPWFCzU4o,Done
9/15/2025 4:39:22,T8.01,Task 2,https://drive.google.com/open?id=1HVh7ZzAx2dbXWt5P3k7x3-MDppO06g5tbn1r4dWk7KU,Done
9/15/2025 5:36:57,T8.22,Task 1,https://drive.google.com/open?id=1sgS_SPPPnTgqVfXyLVij2Jjixb6aFYYFZfapo2pKxsU,Done
9/15/2025 8:11:39,T8.01,Task 2,https://drive.google.com/open?id=187vVE9kqpI_Gpwfd1XmDLLNRMiCYXKDruVTwspoWyeU,Done
9/15/2025 22:55:09,T8.103,Task 1,https://drive.google.com/open?id=1T2IcVvKhoO9w_cSvmUQxlXqgQFz1xmQs1gKD6U0AlQI,Done
9/16/2025 9:55:27,T8.04,Task 1,https://drive.google.com/open?id=1p-af8VLAVm8Ep9H_C9QCmJC291AmnftiK0T9EAQexYg,Done
9/16/2025 15:31:12,T8.114,Task 1,https://drive.google.com/open?id=1DDmh5v0BEZePkuJYZv2HJzVIN1PL6mUMSsKMYlCCvSI,Done
9/16/2025 20:20:49,T8.200,Task 1,https://drive.google.com/open?id=14lZtoMqmCGR-xaJA0SEVEbA3zM8ziMOoN4-5yRGYqVc,Done
9/16/2025 20:21:45,T8.200,Task 1,https://drive.google.com/open?id=1rR84bI9zrr49cJuxhO0oszA99zgVCW7xO6rg9ust9dU,Done
9/16/2025 20:58:49,T8.29,Task 1,https://drive.google.com/open?id=1P_t6iaSfD2yGtMkpD8QpJEUOickEC2UxRkTRmWApAgo,Done
9/16/2025 21:18:50,T8.44,Task 2,https://drive.google.com/open?id=1Qgc-M54FY5ZBhmC3eZ8CFi0D8P6onrNT6nyIvWCwHjM,Done
9/16/2025 21:39:26,T8.60 ,Task 1,https://drive.google.com/open?id=1Fas-tOautKbtyFkdTYh7wUNl3qjs_Xx-f_ZOYJDSL-o,Done
9/16/2025 21:46:08,T8.114,Task 1,https://drive.google.com/open?id=19qEY-DDb4224EghUbBVwwSx9Z365RgB1MnU_UBtX1GI,Done
9/16/2025 23:29:51,T8.28,Task 1,https://drive.google.com/open?id=1xPxQ0MTnmS18kDS9PErO_dNtJxImISxbpdKASXo7DqU,Done
9/16/2025 23:37:45,T8.28,Task 1,https://drive.google.com/open?id=1OWotNBGQy4OjH_AnQ88qklknXDuUlTeAi2-86zDhl9E,Done
9/17/2025 11:53:19,T8.65,Task 1,https://drive.google.com/open?id=1V83EW0kp9umwCkz9D8hKzel8m8eOSPPr1KUa4sNzw-g,Done
9/17/2025 17:13:59,T8.114,Task 1,https://drive.google.com/open?id=1qeEcv90Rfwx9UV7pteULiqbJ-dQttjNHCM4bGR2cHbU,Done
9/18/2025 1:25:28,T8.29,Task 2,https://drive.google.com/open?id=119QaaMlrRITUcVHrHdE94-IfcXO-Vhl7FEEqqXIpXzY,Done
9/18/2025 16:46:42,T8.923,Task 1,https://drive.google.com/open?id=1f149BRKLeudcATRDooKM09-E8myG2b0n2aI3-wmcn64,Done
9/18/2025 16:50:43,T8.13,Task 1,https://drive.google.com/open?id=1xtSrlFxxtl3D6u0Owq-sDKARGuBONEcoNdEBzMytni8,Done
9/18/2025 17:16:05,T8.103,Task 1,https://drive.google.com/open?id=1jE93vNf42AG9ohLVC4H65uTgasNAAj_lkQ_pEGudZtU,Done
9/18/2025 17:27:34,T8.07,Task 2,https://drive.google.com/open?id=1pGN1YH0lXW0nV8tMeIllsKSxHZvZdcf8jju9WyTrBIo,Done
9/18/2025 18:33:23,T8.20,Task 1,https://drive.google.com/open?id=1KIzSKVhd-LH4vifK7XSilWBA1QQ25hda_zsCPAb_2ds,Done
9/18/2025 18:34:00,T8.20,Task 1,https://drive.google.com/open?id=1FpSoD19GB5YMLCQqn2pqNWviG2yLNU5rk7C3p9TtOGw,Done
9/19/2025 1:15:09,T8.04,Task 2,https://drive.google.com/open?id=1TBjVThCh7ZDcfw2XwHOmB0oISzy52PvtZraFLiBGHF4,Done
9/19/2025 1:52:49,T8.04,Task 1,https://drive.google.com/open?id=1JqudRv0cqM-2RYKnb1go-jUtiNTN4govavmd4ZCaUR8,Done
9/19/2025 15:51:48,T8.43,Task 1,https://drive.google.com/open?id=1EgG1TO-bFOQ8W_AyeVsamNUula9IsnNBH46LvhlSo4o,Done
9/20/2025 10:19:48,T8.43,Task 1,https://drive.google.com/open?id=1sly8A3-4WxjhJU26pwoVOSUo_HkfU-K8bl1z2QkPaOM,Done
9/20/2025 10:46:20,T8.29,Task 2,https://drive.google.com/open?id=1CVn3qCtqO5GTPkk0enC1_NCeyzsU1ePtXLclaWrdr1I,Done
9/21/2025 8:57:57,T8.04,Task 2,https://drive.google.com/open?id=1zGceX6SoEUoIOrtVm1RvE1kaM6f5n21TpTJck7Vk-lg,Done
9/21/2025 10:29:59,T8.65,Task 1,https://drive.google.com/open?id=13Uaiqn8Ie0ckumpujTenuwlDv69O7k0Cb1ESbniF7l4,Done
9/21/2025 14:42:40,T8.21,Task 2,https://drive.google.com/open?id=1eTFX3YYo7drcvAwQJlL0VGQ47Y9uwQy1I1zzIeENxGA,Done
8/30/2025 13:25:44,T8.07,Task 2,https://drive.google.com/open?id=1hA3xnEZmQDk0F8ytomDbyHYK0iYU53B7ARzybWmWvE4,Done
9/22/2025 19:33:49,T8.70,Task 1,https://drive.google.com/open?id=1B9Tuhfo818tQRPyB_X3Pj58g_vvnxKVCQ_IarNd0Vk8,Done
9/22/2025 20:21:02,T8.70,Task 1,https://drive.google.com/open?id=1Iuna7ciPw84y9bh0I_vsZCR39wGbaN8BreqEU28foSY,Done
9/22/2025 22:17:12,T8.02,Task 1,https://drive.google.com/open?id=1XZO7CSnqJuKOH8OHIQoR_hW9QkFF0_dWxWySGPGMjMc,Done
9/22/2025 22:29:26,T8.39,Task 2,https://drive.google.com/open?id=1IFJd8CyLan7PgK0_vq5gu2ErzH0OO-D9qL7WRQ4KD6A,Done
9/23/2025 12:56:12,T8.04,Task 1,https://drive.google.com/open?id=1uk3cQtmU4zgbd0cwHx9yL9rP9UTqBzWqAhwjP2IQBK4,Done
9/23/2025 21:51:34,T8.60,Task 2,https://drive.google.com/open?id=1hF9vpmMdEoA03FjbJRZltZUL6vZGkhRS_ECEmZUa8SM,Done
9/23/2025 23:03:11,T8.75,Task 2,https://drive.google.com/open?id=1Vg9f1lF4uvwtWMzDGC7m89cPCrNULrTx9KNfcVMbue0,Done
10/5/2025 20:50:52,T8.479,Task 1,https://drive.google.com/open?id=1Fj_hAnY6S6f2rc5dSiyNdRlDxKgqZnauAobYyTCVdNk,Done
9/24/2025 21:22:03,T8.28,Task 2,https://drive.google.com/open?id=1VW1Tl061zxE2TnGIkGf3cvghmF1kx3pWlK0WDxBB0Zc,Done
9/24/2025 22:28:04,T8.25,Task 1,https://drive.google.com/open?id=1X5QA5KGGu3Y7xfYBetndiuQbBUTWnOhAECt-y5rODaA,Done
9/25/2025 2:15:15,T8.777,Task 1,https://drive.google.com/open?id=13z5JYlroLZgP4k1k_srbOfN9SSe8duXCghY-FcmmwfQ,Done
9/25/2025 5:03:17,T8.21,Task 1,https://drive.google.com/open?id=1IdVjGv1W9r49Kits9TKTG4LyIHwuQq1mltz4QubTmyM,Done
9/25/2025 20:26:00,T8.111,Task 2,https://drive.google.com/open?id=11_u3vPc9Z9BRMmZw7sPcXxYBCr_BlIXe-w8eLcjFLZE,Done
9/26/2025 4:07:57,T8.103,Task 1,https://drive.google.com/open?id=18sOCttBF_EsLuIH5o0DG2-4FMUx6uXvkOPYZzpFFMaw,Done
9/26/2025 21:06:46,T8.200,Task 2,https://drive.google.com/open?id=1elSPnz9qKAtTLMYSjahxA4Ie-cyLE5EwM8jlTO6AAFc,Done
9/26/2025 21:40:17,T8.28,Task 2,https://drive.google.com/open?id=12wpQ7lbZG-TA_XFa8MbO7rHItCF_V9ciN2NMnpTjesY,Done
9/27/2025 15:07:47,T8.02,Task 2,https://drive.google.com/open?id=1IXTK-6Rt-WbH5Q96eyXdM0c3JNyZ1-8P5IxM8v7AYUs,Done
9/27/2025 22:12:13,T8.96,Task 2,https://drive.google.com/open?id=1EmvupdhyKqZOLJ-aqisRR0K1H78Wl5ni3w-35vNmuEs,Done
9/27/2025 22:57:43,T8.19,Task 2,https://drive.google.com/open?id=12QkEzkkZlct-E3w84H_Wzcbh78ImmppI1ITQTrOYjGo,Done
9/28/2025 14:25:15,T8.29,Task 1,https://drive.google.com/open?id=13ffX9c2NSfCC3jW9_s9ZbnPw-ij02VNun7tHbK1pv8Q,Done
9/28/2025 21:28:54,T8.70,Task 1,https://drive.google.com/open?id=1HyiVxqQs6J4EJNY6kcCDygiUD4DtmZBOIfkRsHSgiZo,Done
9/28/2025 22:37:45,T8.70,Task 1,https://drive.google.com/open?id=1OKPda7GPtRHfcza4XFppoVl-0eJY5j8-PJFrbNCNthM,Done
9/28/2025 23:27:47,T8.30,Task 2,https://drive.google.com/open?id=1j7uAMzH_qbpcQQZ7-uFUwT9xkl13n8grgopWKqdkgBE,Done
9/29/2025 10:09:27,T8.53,Task 2,https://drive.google.com/open?id=1so79Wju7ZA2diGf88SkQH1zjk0NN9lWQbbny50xiohY,Done
9/29/2025 18:27:58,T8.767,Task 1,https://drive.google.com/open?id=1kfutpWKo6m_yjgZ9xjaaUKgam8kxPHecbB8vEND5TDc,Done
9/29/2025 18:52:27,T8.64,Task 2,https://drive.google.com/open?id=1MRZS_aWbvVGeUJw5fUmjosmg5jwrG5tzEZ0EA8Gk3uo,Done
9/29/2025 20:54:06,T8.53,Task 2,https://drive.google.com/open?id=16wme0AgCwIGtIHfmyfetjJYKy3Y7hcF62EbWMqJe3lE,Done
9/29/2025 22:08:47,T8.70,Task 1,https://drive.google.com/open?id=1YIIzY-ZkQRXawNmO6775wMcbtWn8oiwTNBYEhhAKOEo,Done
9/29/2025 23:33:22,T8.479,Task 1,https://drive.google.com/open?id=1NkybKxv4kWDYTZfLoNBTgv8-IoPBd7e6hsd7RVYgZv4,Done
9/30/2025 8:25:45,T8.777,Task 1,https://drive.google.com/open?id=1FNhnl5Fofon_4X5RaFY0MeSVlC9rbJhqpRHdVZHtBuM,Done
9/30/2025 10:07:45,T8.70,Task 1,https://drive.google.com/open?id=1c-VFfC2_3zToa__18kFxCazomoVJAxzTcpQNAM4TsmU,Done
9/30/2025 10:58:42,T8.70,Task 1,https://drive.google.com/open?id=1Uuqz7I0rqfK0g9xn8TPEGnvTql7_8sFBWF-hSrlAPFA,Done
9/30/2025 15:39:38,T8.114,Task 2,https://drive.google.com/open?id=1CuYjF_5Q3aFGvaSI5PdhF9wzG2ly2s3jrrMZHSC5dO0,Done
9/3/2025 4:46:14,T8.21,Task 1,https://drive.google.com/open?id=1GqOgC89djfn7y5ru84Ytw7TjPzkP6n5RF74aDFrUOKs,Done
9/30/2025 19:16:21,T8.33,Task 2,https://drive.google.com/open?id=1R8O7E_14MaOcNOPvOt6ISoD2SBegQ-LzZI80BzDPoFg,Done
10/1/2025 0:29:47,T8.29,Task 2,https://drive.google.com/open?id=1jLaceYK1D29KYg-Kt9RJJV3WcWxNAN3qkjKsTIV4-Q0,Done
10/1/2025 2:10:46,T8.777,Task 1,https://drive.google.com/open?id=1Uoj-7pJjCeQ0YTa4QlKz6bjeLI_4Iy-YGD6EbSswG4U,Done
10/1/2025 9:53:28,T8.22,Task 1,https://drive.google.com/open?id=1eZacy8A_2PS2ADeMlhWSPZIk0K03lwviZD8ywciPEqs,Done
10/1/2025 19:32:35,T8.29,Task 1,https://drive.google.com/open?id=1i32r4oxzL1au9eX78SzLgvQMCIVEZIYBcdImajTCcoU,Done
10/1/2025 21:53:59,T8.60,Task 1,https://drive.google.com/open?id=19XjaAZyY7-FW3BmDwrdjDXrS_1e9mmp7DbMmp-yECO0,Done
10/2/2025 0:38:19,T8.99,Task 1,https://drive.google.com/open?id=1ukZT-NdGX0NjPPZGG1X26_1RJJ_PcNVdflpstbULY3Y,Done
10/2/2025 16:28:09,T8.777,Task 2,https://drive.google.com/open?id=137VLBmINWRpxBP2cPCJO0wGMGUbyC5_syCYae8hSwTM,Done
10/2/2025 16:38:20,T8.777,Task 2,https://drive.google.com/open?id=1-tUfKF4Pt0qWgB_wRAXE2BsApkaziND1_HC5Oq7JUYE,Done
10/2/2025 22:50:03,T8.60,Task 2,https://drive.google.com/open?id=1XLJ8cV-HmI_D3YeildeEzn-fuVRcI4oj-KvIo8yeLKY,Done
10/3/2025 0:28:50,T8.76,Task 1,https://drive.google.com/open?id=1wpWXjmiDjcR0Uid59Nsu0tFyeldt2U3xnI2NoJdLuTc,Done
10/3/2025 0:31:22,T8.76,Task 2,https://drive.google.com/open?id=1tXq7yrwuPGxrnYbP4C_ZxKUSou0TpdVEEsx7m6w4lGE,Done
10/3/2025 5:06:54,T8.21,Task 2,https://drive.google.com/open?id=146-GkMCgJbYiqP84Bha7_Mbggcdb66GY9O8k9llIIEw,Done
10/3/2025 16:35:53,T8.09,Task 1,https://drive.google.com/open?id=1YyE431QSxqOwheGKRHBvILWD4t_JtUC1RqJ4w6lixEo,Done
10/3/2025 19:01:42,T8.02,Task 1,https://drive.google.com/open?id=16c7zeB_8Ep60ClPbrfWt2QCS3MUOuAah4pG7311LO1A,Done
10/3/2025 21:42:50,T8.67,Task 1,https://drive.google.com/open?id=1GOGhms8GxLr460xzfWaC4hLaE7kpqa8wULUBqu7FgxA,Done
10/3/2025 22:52:06,T8.75,Task 2,https://drive.google.com/open?id=1fPHUqT0rWXgZvZIjwKevpsFGAjoHfUd0f_23U8IIU4g,Done
10/4/2025 0:42:45,T8.28,Task 1,https://drive.google.com/open?id=1gFn5WNSo87XxcSEhgIRBTEgReHuiBxoeG62cLNNrmSg,Done
8/6/2025 1:39:06,T8.39,Task 1,https://drive.google.com/open?id=1pTP7U2hL_xzNGoK0kR4Os7EFzSrkg9RRsp-BlxhgFwo,Done
10/5/2025 9:55:07,T8.99,Task 1,https://drive.google.com/open?id=1EanQAr4aJFwkr3PGmYpR6sIzkofy1kAVbdQW91TtSrw,Done
10/5/2025 13:33:06,T8.96,Task 1,https://drive.google.com/open?id=1SJV9HvwWS-iEMETbZntT65J4YuyP-5q5zw68zFP_QBA,Done
10/5/2025 17:22:38,T8.479,Task 1,https://drive.google.com/open?id=1oSX_UZR2aPB5gvac0PUTon-i3Fngq7jwLR9FSDRHho0,Done
10/5/2025 17:35:39,T8.923,Task 2,https://drive.google.com/open?id=1iXr5SjFN36wRr2LZMNl0HO_1r4WIFwGq4JrgB19N88w,Done
10/5/2025 20:42:25,T8.39,Task 1,https://drive.google.com/open?id=1Bd-F1Oqmd8VR3-UQ1cvs8DcG-2w_b6joXSjzl7XmzuA,Done
8/15/2025 15:51:13,T8.70,Task 1,https://drive.google.com/open?id=1QuVgIJ-wdGLpImEmTOMjpmHYCPjqPDw1JT2Lx_HKlh4,Done
10/5/2025 22:35:55,T8.48,Task 1,https://drive.google.com/open?id=14-3E_z0oFNY0dkXItY-8_4ZXBqeIqy0p84JDZGojUeo,Done
10/5/2025 22:39:17,T8.04,Task 1,https://drive.google.com/open?id=1SlQd5zcjW0T2kmgqYAOv9-SrzXExzR2hFOyZWKhKHS4,Done
8/12/2025 1:50:52,T8.25,Task 1,https://drive.google.com/open?id=1ow79-LgW_7xh--MjLoJIq8EFGFPFcs5ZX8EcsaoJxCA,Done
10/6/2025 10:46:39,T8.923,Task 1,https://drive.google.com/open?id=1JORYeRRBPYUNFSXm05D6-iN69MRzM7MGcU_T_yf4cyY,Done
10/6/2025 13:14:21,T8.01,Task 2,https://drive.google.com/open?id=12-DDUyzGBFYHI77l5I2s5B62LAhqKL8wsAPEs7gX2YQ,Done
10/6/2025 13:25:43,T8.01,Task 1,https://drive.google.com/open?id=1qqS4AXzT5qRguU0P7BQY1_5me5OIgcMmxJaZnSpUex0,Done
10/6/2025 14:31:52,T8.29,Task 1,https://drive.google.com/open?id=1SunEHThMoY2zqT991jXNwBx0TO98wjYot0Z4eun0XeM,Done
10/6/2025 15:49:35,T8.479,Task 2,https://drive.google.com/open?id=12f-vVgC9-BzLLLPRAvwaZxqPQJAXceMBg09ZdJ6dhws,Done
10/6/2025 16:24:35,T8.767,Task 2,https://drive.google.com/open?id=1B91N2rckLjG4KnWcriZdVdzrrqN-h5DF4cdOVB71G4o,Done
10/6/2025 20:12:21,T8.479,Task 1,https://drive.google.com/open?id=1VCXv4BjGA2743cZy_WpIH5nxYoLTTMltsIia9RABxyk,Done
10/6/2025 20:49:49,T8.200,Task 1,https://drive.google.com/open?id=1YTNPFigmwJXIvFrv4QBrqECL0EJksSt2_L0utvGOm6E,Done
10/6/2025 21:31:08,T8.29 ,Task 2,https://drive.google.com/open?id=1Lg0rMkjbPnZzeOWohYuvnGI1h077Wis60V7ATuQrkhY,Done
9/21/2025 17:32:10,T8.103,Task 2,https://drive.google.com/open?id=1KVoZDy-ZYl9qnMeVJ0IocpDUBPa8iE0G8fNhHWdOiQI,Done
10/7/2025 0:48:07,T8.777,Task 1,https://drive.google.com/open?id=1D7N87QL_vrSg90Ja7jTpU0ScxR7ayHv-B8RmxKgmPfg,Done
10/7/2025 17:38:18,T8.48,Task 1,https://drive.google.com/open?id=13CxjItCL0GUMZCqsGQdldzVt68IKiISCNiZl9hhbMLU,Done
10/7/2025 18:10:33,T8.43,Task 1,https://drive.google.com/open?id=1owj9dPo7kIy0Py61tyfgRAjWQ_8eFBvWdZpE2r9ndjQ,Done
10/7/2025 19:34:42,T8.01,Task 1,https://drive.google.com/open?id=1dbX6S1h2HALQFql9e6Vh91LQLjj9KV0Eq8eZlYJBBA0,Done
9/21/2025 21:45:51,T8.28,Task 2,https://drive.google.com/open?id=1rnp2jzuV6nYG5-0LpntYaSvI8m1KfxIfkw8FycaCuGo,Done
9/21/2025 22:17:03,T8.122,Task 1,https://drive.google.com/open?id=14bARJUvWcAzY60Mjcn4yDHsAnvy9psAmliChmr5BgjQ,Done
10/7/2025 21:35:39,T8.02,Task 2,https://drive.google.com/open?id=1FqhshQM4kQpw2Gng9LYiv7KdfVdKk4QMFVcP0jBU_xY,Done
10/7/2025 23:23:35,T8.33,Task 1,https://drive.google.com/open?id=1A3sL02vdKUQg6ImSMsXLw_E9H7MV9Kt9qECEuAlDGmA,Done
10/7/2025 23:27:30,T8.96,Task 2,https://drive.google.com/open?id=1UGUJre5sO6C7WKYSaIXNbHT0vjexmnfaXS-jBXx6JmE,Done
10/7/2025 23:49:40,T8.89,Task 2,https://drive.google.com/open?id=1uYuTOZESIb9SwrNMAOh2AS4kGBLwCbcN,Done
10/8/2025 6:26:26,T8.04,Task 1,https://drive.google.com/open?id=19D7Tg928I2xtxdRJ-HApFpwiXr1Atz92NpqrzPl5Dg4,Done
9/21/2025 22:19:10,T8.114 ,Task 2,https://drive.google.com/open?id=1eXveOuSp8S6f9fo-wM_zwP6EeuPb6Uo7sRhNJZXNBKo,Done
10/8/2025 11:55:22,T8.02,Task 1,https://drive.google.com/open?id=1z0NgEGFE27IAJ-pVmtNTbNhxwYR0gos_V80lzWBP6rk,Done
10/8/2025 12:47:07,T8.777,Task 1,https://drive.google.com/open?id=1QLdxUpMbFGm3YBxir9y-yS-2bIHoML0dfai-0f8Yi6c,Done
9/24/2025 0:04:48,T8.112,Task 2,https://drive.google.com/open?id=1Xc_GpiSEEKEMtrWefHFxltZQV4YdaEyXZwzzQ19dGHY,Done
10/8/2025 18:24:53,T8.89,Task 1,https://drive.google.com/open?id=1JB-Gy5sDGDe5GQCY3rI_0SGnIPKHSaRH,Done
10/9/2025 21:53:10,T8.91,Task 2,https://drive.google.com/open?id=13iNOWgivV0am7cVQCobQFMzPrrsqZkvB964rDIibAiw,Done
10/10/2025 6:22:36,T8.04,Task 2,https://drive.google.com/open?id=1Me618AaM2rgphnYzqyypqBw8gOAysJxI0JUn32Hv_hE,Done
10/10/2025 16:23:27,T8.479,Task 1,https://drive.google.com/open?id=1P4f_zH4fBzYQ1sh8avfO7owzjblq4aVN4lM4laxTW58,Done
10/10/2025 16:25:01,T8.07,Task 1,https://drive.google.com/open?id=14bFLDpa-3Ig9w67ejGr-nwBoTfxMZ7FjEWfvng0Qs0w,Done
10/11/2025 0:14:05,T8.30,Task 2,https://drive.google.com/open?id=1x2lsP0-T6FcSOMtaxG8YJC48dC_4sVD_440-xaZaDS4,Done
10/11/2025 22:27:05,T8.10,Task 2,https://drive.google.com/open?id=1WTLskrgjpSf__LJNyASLeCrV8i8q3noJl4UHYx2iUro,Done
8/15/2025 15:57:04,T8.70,Task 1,https://drive.google.com/open?id=1uV9JlTEJOS9QzJZOgkDNLoK0yQhhvvkfJuSooedvmnI,Done
10/12/2025 0:53:58,T8.48,Task 2,https://drive.google.com/open?id=1ePV5zfFZLmlmdnw-5fHDHBWAo6-QAjq0esydohnQCiY,Done
10/12/2025 2:55:11,T8.10,Task 2,https://drive.google.com/open?id=1ryrZ4hGdlXJGgF9Kj9MOuW8XtUcQz06bylGHhlV7Hdc,Done
10/12/2025 9:56:38,T8.29 ,Task 2,https://drive.google.com/open?id=17OiPgoK6KNUvbsF72LRb6UmJt_16nTgxCbYZfwlOIuA,Done
10/12/2025 10:32:45,T8.759,Task 1,https://drive.google.com/open?id=1NWMbDSjkv8Dyd4fKnlHkS2jPsCiG7CjvOWAIpsEtItQ,Done
10/12/2025 10:34:48,T8.759,Task 1,https://drive.google.com/open?id=1Qur2pw-VUTdnx1rfC38JHjz23MDsp-by64gP8okNWuE,Done
10/12/2025 21:17:13,T8.31,Task 2,https://drive.google.com/open?id=13Z5Fk2EoePvFrV5oxz220mPlQaQagMYG,Done
10/12/2025 21:24:58,T8.40,Task 1,https://drive.google.com/open?id=1dPrX7x2drKIRI6Id6pGeYQlCuiKiuAQa,Done
10/13/2025 17:00:45,T8.923,Task 2,https://drive.google.com/open?id=14VnNl0fXMcVdSMc9KkWlZRMZj3NP5pbTFLzXO6ZmaHc,Done
9/24/2025 10:19:30,T8.479,Task 1,https://drive.google.com/open?id=1cfDM35nmwnccSf1ci-XofVRVLbw00ESizuSgJ_vRrp8,Done
10/13/2025 20:43:06,T8.923,Task 1,https://drive.google.com/open?id=1FTYeh3RmwVkYXrhe56YYMMtuqhTn2NnhPnqQuToIxIo,Done
10/13/2025 23:51:52,T8.75,Task 2,https://drive.google.com/open?id=1Gkv8P_IaUSKW6HkJhi5WyCUub6tYhQbZ3jMHd-2mGcE,Done
10/14/2025 0:35:57,T8.04,Task 1,https://drive.google.com/open?id=1FzaE0iiZDRUhlchcbQ121d8Cuk7YzHwkAub56OpDAWE,Done
10/14/2025 20:49:49,T8.29 ,Task 1,https://drive.google.com/open?id=1EC6z6ckQzttUSh9oBAtKkPChrGYqZWPeMG1x8S3yIWI,Done
10/14/2025 21:33:14,T8.33,Task 1,https://drive.google.com/open?id=1dYTtft0Ncf8YuDPfdqzvlN0WQNXsXWUsXHYLZvVzx10,Done
10/15/2025 19:18:34,T8.10,Task 1,https://drive.google.com/open?id=1kOfu71OehEGqQMQ0urhDAtpbEMdiT8-w2aoonljwRTU,Done
10/15/2025 21:53:35,T8.39,Task 1,https://drive.google.com/open?id=1Y5lNAdIx2jnE3LoBJPVzp5M0qhK58vLGjOOx8wd0lhU,Done
10/15/2025 22:32:21,T8.39,Task 2,https://drive.google.com/open?id=12i4nhzdcaigKsxIGTUV-fCrfk7F6II7d9c7S0MXBuBA,Done
10/16/2025 0:43:47,T8.04,Task 2,https://drive.google.com/open?id=14bvyjurutpfdEUt-RFZcUZLKpV2I7AjYHwNrK9HKvqs,Done
10/16/2025 21:50:24,T8.102,Task 1,https://drive.google.com/open?id=1OJiR5BfEFimJlxnUTrF6zJwqFMFC-YNSkNC93PBDDEc,Done
10/17/2025 0:44:45,T8.759,Task 2,https://drive.google.com/open?id=14ggChiwJAG-wyk51641lNcLjl9U5osmFGyVL8BHlb-E,Done
10/17/2025 5:47:45,T8.21,Task 1,https://drive.google.com/open?id=1G3sUZp3CGIrbH_Ls1S3LeZLWemY0cRhCqcDVL6Zzxmc,Done
10/17/2025 20:51:40,T8.96,Task 2,https://drive.google.com/open?id=1t4kwDcLtyfznoI4GcA4hwFRl95bQh_bi0d3Lr_HN9fg,Done
10/17/2025 21:30:27,T8.29,Task 2,https://drive.google.com/open?id=1pAoEoVHgDxCqh3-TDSvUIayHfpGm5A-G3wQ43OPYYZg,Done
10/18/2025 16:16:17,T8.13,Task 2,https://drive.google.com/open?id=1aWlKFEpq6UZvyf2uqLgdAgupQdTeM0eoKYggJmBVGWQ,Done
10/18/2025 21:21:37,T8.200,Task 2,https://drive.google.com/open?id=12-u7QO3aRBhoNuLWNkHB6EJFGakcFfvHuNB2sUtKX4A,Done
10/18/2025 21:36:37,T8.759,Task 2,https://drive.google.com/open?id=17EzFHNFNRS2oHNqHNEZL5PLpU2JNu3ftLGkSsZWpjOA,Done
10/19/2025 10:44:30,T8.19,Task 1,https://drive.google.com/open?id=1vf7g1irAbaTRWNNxoD1M8JcIbWLfQhSyOtDkcCDzaJE,Done
10/18/2025 23:48:21,T8.89,Task 1,https://drive.google.com/open?id=1Kdhj_zy5R2lZu116cd0cL2FSea09LCnl,Done
10/19/2025 7:07:41,T8.19,Task 1,https://drive.google.com/open?id=1hdhZZbUVojABk-NkgzoKq4F4iLBV_TvcXJ_RASGribQ,Done
10/19/2025 9:59:04,T8.33,Task 2,https://drive.google.com/open?id=1gLX4KI2RsjQVMFzG13B2-NZr8wEs1Xwq2_RB97ord8A,Done
10/19/2025 13:13:10,T8.13,Task 2,https://drive.google.com/open?id=1KZ6P1KNGQVs32NijXms3nMGWNBIUTm_2MOuKt4r0YUk,Done
10/19/2025 17:15:40,T8.767,Task 2,https://drive.google.com/open?id=18q3ZJtVmtRApJkrNtJUC086oYunY7_twbAVynOQCsAk,Done
10/19/2025 23:17:13,T8.103,Task 1,https://drive.google.com/open?id=1mNBv7r_yh7j9KBvWlY26TnoDX4jGumBtRmpePDA_1BE,Done
10/19/2025 23:28:35,T8.04,Task 2,https://drive.google.com/open?id=1QJq79M_gLk4vC9HfLE5100RXPKEaPtAYMkus8mKM34E,Done
10/19/2025 23:56:17,T8.21,Task 2,https://drive.google.com/open?id=1Z6HuKFCrtgfTBhscuip_xcqD7ao7YDrtJAS92QefWmo,Done
10/20/2025 0:10:52,T8.103,Task 1,https://drive.google.com/open?id=1Mm5l6xkzRN00ZxvnuxORw4whtvVfUGO2unuictMG5sU,Done
10/20/2025 9:21:34,T8.01,Task 2,https://drive.google.com/open?id=1EMdaby2kP8gvX_x4SFxQ4E5TaXidc6LFpVXuojqd3IU,Done
10/20/2025 20:30:48,T8.75,Task 2,https://drive.google.com/open?id=1-5dVAJDs05QR0_kWFcAysJgKifUQZfqsuGhw996OHoE,Done
9/24/2025 16:39:13,T8.07,Task 1,https://drive.google.com/open?id=1cVP9Xd_VkdHc5QuUHOrJmuqSHO92OLLR3A14oZfdg0Y,Done
10/20/2025 23:06:29,T8.75,Task 1,https://drive.google.com/open?id=1iqy6n_P868zaaGS8haIhtb58bEyT0oQxuAga0mQgPTA,Done
10/21/2025 17:34:18,T8.48,Task 1,https://drive.google.com/open?id=1dVSuZfqGg1ymPcYlDc17rjKhrO_BAI4cUAXxQfXvnm8,Done
10/21/2025 19:40:19,T8.923,Task 2,https://drive.google.com/open?id=1rXG0Ev_xaQ14EWTrQy59VBVUUspbajUOdUp0LPPFCGk,Done
10/21/2025 23:53:33,T8.33,Task 2,https://drive.google.com/open?id=15c8wmGKeW5p1JSiIUaQxClhLzth5eJXE2gaHU-zKZ-c,Done
10/22/2025 0:58:04,T8.10  ,Task 1,https://drive.google.com/open?id=1VHnDHHPERGgz5uKnc0WFIK8Jo_1CUkL2mSsgsJHvxN4,Done
10/22/2025 1:00:15,T8.10 ,Task 1,https://drive.google.com/open?id=1MdAiCJTqfbWEI1ILTnUhPIZ5VqmnW-em8d6InqXV_Lg,Done
10/23/2025 0:32:40,T8.36,Task 2,https://drive.google.com/open?id=15TzcSGe014Sfg61eQ89QLfrXsrIvHV12GYnha9SiPm4,Done
8/15/2025 20:18:28,T8.14,Task 2,https://drive.google.com/open?id=16D4tJn2EO3XEqSjfYERGy8gKMAQiJAIUA9xFlJvnJb8,Done
10/23/2025 21:25:53,T8.07,Task 2,https://drive.google.com/open?id=1oKrwYDNlaw9_sB7zJ-fGoR73nWXy1Hls25-uQPEW9LY,Done
10/23/2025 23:19:13,T8.10 ,Task 1,https://drive.google.com/open?id=1_NDV76abJqULNTtQ6bitGcqxYjTvGXQR22Z54GLBtjg,Done
10/24/2025 22:39:48,T8.04,Task 2,https://drive.google.com/open?id=1XREQC-gmCwvY45DZgCghDkFzj6hn2q6RoEgCPlOZN3Q,Done
10/24/2025 23:30:17,T8.19,Task 2,https://drive.google.com/open?id=1vzcnhCdeHLVYoqEsEHp70bptAidOLCEQAxVme6jGgJQ,Done
10/25/2025 0:07:35,T8.07,Task 1,https://drive.google.com/open?id=1BpciQEIUOzwbo6bS1qN4IgRU4Y5ukY0m6r_eXVHFB7M,Done
10/25/2025 17:01:53,T8.19,Task 1,https://drive.google.com/open?id=1m6ebDmVyxTWk71Y_AE9Rtr0daWodeGr65B1m1OFQbUI,Done
10/25/2025 17:15:22,T8.114,Task 1,https://drive.google.com/open?id=1WBVWzeb7ujaRsT_5z12WeaPs9Hbb_8wfIe6pUXwYvuI,Done
10/25/2025 18:21:25,T8.75,Task 1,https://drive.google.com/open?id=1J9ofdU-mSZ-I_RlHcInYollxGAtrEK1nuj_YTU5jciE,Done
10/26/2025 16:45:27,T8.13,Task 1,https://drive.google.com/open?id=1WKCjmFlB-OsttlOooQjMPHZ7b2ktDBNpI42TG0ruKXw,Done
10/26/2025 21:21:48,T8.29 ,Task 1,https://drive.google.com/open?id=1tOLUDFzbSuYBab5PK6TVZWt51G-hOguvS61Sp5_uuXo,Done
10/26/2025 21:41:25,T8.108,Task 1,https://drive.google.com/open?id=1k2_UQ_9ZbGFuNFMmDe-OV43GN5lFH47JasVcfFgXU0s,Done
10/27/2025 9:49:37,T8.21,Task 1,https://drive.google.com/open?id=19n908qDx9pmn1qcZR5pwFMT24Gy5sbe3jK1obde3H9o,Done
10/27/2025 11:05:54,T8.01,Task 1,https://drive.google.com/open?id=1QnOhDL_qFXp6blO7yi_dt61T7GuSWN2gaxOQRvLsa5M,Done
10/27/2025 11:06:29,T8.01,Task 2,https://drive.google.com/open?id=1ODjDbPnydCPAW4mVDYoMB_kPqoGUVpqVoTzoedZmTF4,Done
10/27/2025 15:18:26,T8.39,Task 2,https://drive.google.com/open?id=10lfj0IB7hFFZtWw4slUpyy2lLA0MjjC3qurwTzwNcQs,Done
10/29/2025 0:02:20,T8.75,Task 1,https://drive.google.com/open?id=17urmeGl6IS2QVTc7S4MU1p4eokfOUOxKTQ2satn-fCA,Done
9/5/2025 21:55:15,T8.02,Task 1,https://drive.google.com/open?id=1oxjutOpGr-HOLyQAhajZVwRjM2yWWIwH-bG5MXAPGB8,Done
10/29/2025 18:10:08,T8.767,Task 1,https://drive.google.com/open?id=1IJe-M6Et4vKOCqhrbWNb3VzHPXwKJ7ht54aLe4Vw1A4,Done
8/12/2025 21:12:54,T8.24,Task 1,https://drive.google.com/open?id=1nehLG9FBs6HiYcUS6hbW11KkHYb2_XKWB3A_aYEAdZQ,Done
10/31/2025 16:54:40,T8.923,Task 1,https://drive.google.com/open?id=1UNH5YDVI65KVgQd6qj5uHGe9p-tgbJt3f7ORzw16aug,Done
11/1/2025 11:53:01,T8.75,Task 2,https://drive.google.com/open?id=1ujeal5kTkHixAA0sami10Didvd4AhrizZq_PK1HfeZ4,Done
11/1/2025 23:49:13,T8.89,Task 1,https://drive.google.com/open?id=1OUAQCQr0ry7rQNCcxO3YLMFCgu17Ygbk,Done
11/2/2025 2:40:35,T8.01,Task 1,https://drive.google.com/open?id=13be86-IYE6GoQAexc4Kh16GC16WKXHbtpnaAj0rx8PY,Done
11/2/2025 9:39:11,T8.52  ,Task 1,https://drive.google.com/open?id=18akDSEDoVWnCmo7qBRTQvhZsQN0v04f72N2kQp6D_pg,Done
11/2/2025 12:29:40,T8.923,Task 2,https://drive.google.com/open?id=1LhuZ__saZooED9tEfkzefd2i7IGfnej39NtpQNmYQSM,Done
11/2/2025 18:17:56,T8.13,Task 1,https://drive.google.com/open?id=1syV4G2TBKQOQWYD7Z3zty-oRJBXwIIxIfhRFIWO-lfU,Done
11/2/2025 21:32:52,T8.767,Task 1,https://drive.google.com/open?id=1BV8_PqWYmG269HnDuzNj-tSdbzAZ66IpWsIiYlBXW1A,Done
11/2/2025 22:03:08,T8.04,Task 1,https://drive.google.com/open?id=1li_R_0eltrkHu-xLlQl2mDHSHPbNvneKPH6JjQRY44s,Done
11/3/2025 19:43:16,T8.75,Task 2,https://drive.google.com/open?id=1_BcV2fwXfYfnovMg4yzBErWQdeEpWgLgdfZr-DgHWdU,Done
11/3/2025 22:10:23,T8.53,Task 1,https://drive.google.com/open?id=1OnO-79Q43yFbfYvT6PcZsUunQiNBILDNrrH6T85gKAg,Done
11/3/2025 22:16:08,T8.53,Task 1,https://drive.google.com/open?id=1wNgFUdLfxBAWK_PivL2EMSNWnbOA7Aa8v9_vbAzvZck,Done
10/19/2025 9:58:38,T8.33,Task 2,https://drive.google.com/open?id=1XXde3IHYW0LKIC9prGwMeXAL8uNL93NUfzGdpH5It9s,Done
11/3/2025 23:11:33,T8.98,Task 1,https://drive.google.com/open?id=1pfRAN64h4attguxJh_JESpQsC2lZwTyu,Done
11/4/2025 23:11:45,T8.36,Task 1,https://drive.google.com/open?id=10xpDw6bSO5j_pet1yy2eq4wa3YFJAZois3iiVa9GQaM,Done
11/5/2025 17:13:15,T8.89,Task 1,https://drive.google.com/open?id=1FfhwTRlA5Z3cl3MOdgg-YZUqDzRPl7Mn,Done
11/5/2025 18:00:54,T8.89,Task 1,https://drive.google.com/open?id=1CIjvFVCY061wB-6B0-PHinfxT4CFe4zi,Done
11/5/2025 18:02:22,T8.76,Task 1,https://drive.google.com/open?id=1OANo3GkbN2gGsC09XiGk-HS1u2ak36FIXM1vZ_gUSXI,Done
11/5/2025 21:45:37,T8.98,Task 1,https://drive.google.com/open?id=1p_xteiak_FaLF-AcOWAcNm40jMcyKbmS,Done
11/6/2025 14:18:24,T8.40,Task 1,https://drive.google.com/open?id=1IEgCo0ISLYdqSK4tIPfrhhCseYxeq3Hw,Done
11/6/2025 19:35:04,T8.27,Task 1,https://drive.google.com/open?id=1RyMvhB0wb9VW13Cr6WOlhfsqt96-VrcdUGX5gYreEfQ,Done
11/6/2025 21:17:22,T8.78,Task 1,https://drive.google.com/open?id=15r5HbUUwDS6msQspDAWCewoqrLdYTjs_cGTsum7mJ00,Done
10/14/2025 20:27:42,T8.21,Task 1,https://drive.google.com/open?id=1Wi9J20Sn1WCp20NF6BCva4iU2kRQt0QG9A4vc0M1SGc,Done
11/7/2025 21:48:20,T8.27,Task 1,https://drive.google.com/open?id=1ufc8Q5-YhjkpeX5Rgl92kJngOv32qUXe7MlnktRSJXA,Done
11/8/2025 15:46:41,T8.10,Task 1,https://drive.google.com/open?id=1aMRJ-DkFtcMUc4RLkJbYnxxzuAV1NafrBc82gu3nLvw,Done
11/8/2025 17:09:51,T8.10,Task 2,https://drive.google.com/open?id=1D-JgM7Q0rbEOxm_GQFygtTc0q46EJ3WXH84petqbR2A,Done
11/8/2025 21:20:28,T8.07,Task 2,https://drive.google.com/open?id=1HvyIgZQ6uTXbYinFmF1ZMXt9gdSHO3SwYi0PnppSwys,Done
11/8/2025 23:09:12,T8.96,Task 1,https://drive.google.com/open?id=1qYp3JEoKeNaCNsZidEWpMx9h95qCaeSbQNMNLDykHCM,Done
11/8/2025 23:54:53,T8.75,Task 1,https://drive.google.com/open?id=1i9ia5WRs8M_z14bLidgIKDFTs3CMFBYo_xaZ5yc2dck,Done
9/18/2025 21:34:54,T8.60,Task 1,https://drive.google.com/open?id=1dtWHaYFshamT4FhNrwRUexVqAjGYm6KbbXbxk2MpJ48,Done
11/9/2025 16:13:26,T8.40,Task 1,https://drive.google.com/open?id=1HbSjAaz-ksHWDUP8uxchVx5s2z_85Xim,Done
11/9/2025 17:14:43,T8.923,Task 1,https://drive.google.com/open?id=1p0HzTE4g9vuFfDrF6PXZfywV3M02ssMSrujCq-v9Z0o,Done
11/10/2025 0:03:37,T8.36,Task 1,https://drive.google.com/open?id=1z3rGtsCQ-TLntD45vfeTAVlJpst4-7RcFHtO49KtJwA,Done
9/30/2025 22:27:08,T8.923,Task 2,https://drive.google.com/open?id=1K5uqMnDWpQF5U410e67wCZRIg-bJy_GK3XZxeknzGMI,Done
9/30/2025 22:28:17,T8.28,Task 1,https://drive.google.com/open?id=1zID2HF6mxD3oU6Yb8cfyVYzs3cNgAd8aL9vj9j_j7ME,Done
11/10/2025 15:13:19,T8.13,Task 1,https://drive.google.com/open?id=1hOpbnr6Ik-JKKUW3gF1yWiNBOtivJ5l-hHSgr3SA9Rs,Done
11/10/2025 15:13:57,T8.13,Task 1,https://drive.google.com/open?id=11EGTfNfRzpcYwbmGU1R17hCk2dBk4bl_SWFHqNtgUdg,Done
11/10/2025 17:46:36,T8.767,Task 1,https://drive.google.com/open?id=1fXPQ1ztqaKVHZcZMk86_A5TKNAuQrKYqiTCNZYE6K74,Done
10/4/2025 23:42:48,T8.75,Task 1,https://drive.google.com/open?id=1jBK1h84r8PaWeGxWDs4EPhcg1F2bBdoaZ5Lpdbk-bXg,Done
11/10/2025 23:33:20,T8.04,Task 2,https://drive.google.com/open?id=1oQCZ8hsGqG26OahSqZ62dTxsGPyIDyQmr-6Ym7zpMnk,Done
11/11/2025 0:13:23,T8.89,Task 2,https://drive.google.com/open?id=10vSb6OT--3JcPGjUMIL3CRAgLIP-OW2f,Done
11/11/2025 1:00:01,T8.36,Task 1,https://drive.google.com/open?id=1t4gyx2A6LuLjF8aodc7VJeY9KGpbNLKh51ozyFHpvgA,Done
11/11/2025 21:51:54,T8.923,Task 1,https://drive.google.com/open?id=15ryePn4Fc-rOW3_hlcSi595RzEfQYS3zaxZTfQ4AEIg,Done
11/11/2025 22:16:27,T8.36,Task 1,https://drive.google.com/open?id=1hTnq6xKlRhrNdl_1_QXHLCvZuyPmrj2UMpHD4dPUDG4,Done
10/19/2025 10:46:44,T8.19,Task 1,https://drive.google.com/open?id=16ULKV9GpjmoRJ5TOKJNI7sD29aeCx4ptOJl2wK6_96c,Done
11/11/2025 23:26:51,T8.75,Task 2,https://drive.google.com/open?id=1iJ9ESp8PHAIgLEyS--6CeztmuLEVDyv5OyBPU3KvSIU,Done
11/12/2025 5:14:20,T8.21,Task 2,https://drive.google.com/open?id=1ycbGnHAephCB2o1SKsb5T1dc24P5uHljHyqPjkCE4i8,Done
11/12/2025 11:36:29,T8.110,Task 1,https://drive.google.com/open?id=1I3fma-MVOFczle0ghVdsRXOG9dYSRCZj4h0i_otPRsE,Done
8/31/2025 15:52:59,T8.200,Task 2,https://drive.google.com/open?id=1SITDbaK2hVqypBnV7KF74UIoUPS2WvOs8sLuhVHrwqc,Done
11/12/2025 19:18:52,T8.27,Task 2,https://drive.google.com/open?id=1wDHjsFGXwxg32KWiA_zTFvuw85sUjvwKk6BbE7efox8,Done
11/13/2025 19:26:19,T8.110,Task 2,https://drive.google.com/open?id=17yAmmJs1ltm24g3ygyKcRJHsGp7Cq-we8gVXY1m1acc,Done
11/13/2025 20:11:45,T8.33,Task 2,https://drive.google.com/open?id=1Eul4V4LbHwR9Xx5SFwage-OgbphkexEFozcvM8HqYi4,Done
11/13/2025 20:12:18,T8.33,Task 1,https://drive.google.com/open?id=1l8Ra2EReC96agWBYjBgYx3sqbe7zFGFbsv8pWvYjcdM,Done
11/13/2025 20:12:59,T8.33,Task 1,https://drive.google.com/open?id=1LIuqrMCfF2cc4gX4skKZ3Aalx2OZvRFclBqNRjHqX2Y,Done
11/13/2025 22:08:07,T8.108,Task 2,https://drive.google.com/open?id=1PmpS0C0iyx1ZM2Y3ZEo4fo_B8jdp2Snces32tgtbj1E,Done
11/14/2025 1:33:39,T8.767,Task 2,https://drive.google.com/open?id=1v01EZUijFui3uT9JEgIENXJLDzWjqEmBlRmYU06oWc0,Done
11/14/2025 2:01:45,T8.10,Task 2,https://drive.google.com/open?id=1p1rgTC6riAvpUTivXO0spjEEamagy-g_aC5vU4bztec,Done
11/14/2025 18:13:46,T8.102,Task 2,https://drive.google.com/open?id=18zSbZBuV91qprMLm7yY5dDa9iJlLeOjvOggrnsQ2yfs,Done
11/15/2025 1:31:19,T8.767,Task 1,https://drive.google.com/open?id=1axuwtsLxj4mUYpfflTw0vB7Ow9mGuDPNF4IBa7B_JOo,Done
11/15/2025 10:14:40,T8.33,Task 1,https://drive.google.com/open?id=1a4YRbn8-cUSOGi68YYrU2BKnQnyln75v4sJ0ayACOXg,Done
11/15/2025 10:22:31,T8.33,Task 2,https://drive.google.com/open?id=1x5r8ItEdiUiVzI8fvoRY_RJyoc5kTuNqqOHek-LwRIY,
11/15/2025 13:57:56,T8.53,Task 1,https://drive.google.com/open?id=1bRc5KnIUgCJSNYioX143oqkxD3uItY5J5zoDzjHV3Rg,Done
11/15/2025 13:58:34,T8.53,Task 1,https://drive.google.com/open?id=10DialuWkwDb_5tfxk2qwlk3Uw6NMXzAfp4hWcdOXgJI,Done
11/15/2025 14:01:01,T8.53,Task 2,https://drive.google.com/open?id=1HmJKUfB7prTsOT1DCAVKPQn3svrsbQYVgYOxwyrJ2bo,Done
11/15/2025 14:01:41,T8.53,Task 2,https://drive.google.com/open?id=1NKc7Y4lqOov53Olkl1yVl8CH0Xp88j_C5c67watOzLc,Done
11/16/2025 0:01:38,T8.33,Task 2,https://drive.google.com/open?id=1bJ-9T17FhCmc6pzbDzqpEz82Coaqb-EkriQgO8D8fI8,
8/31/2025 23:11:05,T8.479,Task 1,https://drive.google.com/open?id=1xaPRALTdaehGP-pTIae-JvssxMRe6p-ktViUMCgSxUc,Done
8/19/2025 22:43:58,T8.29,Task 1,https://drive.google.com/open?id=1dhl_kz5XndNqR9ShTz0pyszVYOd6KOqNkNmRe5Ekkok,Done
9/30/2025 14:33:51,T8.70,Task 1,https://drive.google.com/open?id=1lWIOQP5NKW_Spw5guRloXhdUA6ijzV_BMTFlTXRv7CI,Done
11/16/2025 22:10:21,T8.200,Task 2,https://drive.google.com/open?id=132ddRAnAqoZIZmH7GoC0QmQScG_unJy0xk4IakS2sZs,Done
11/16/2025 22:19:20,T8.40,Task 1,https://drive.google.com/open?id=1nt6J01dJP8TCu1vmC1OR1UsPZmL-t5cF,Done
11/17/2025 15:26:08,T8.19,Task 1,https://drive.google.com/open?id=1yPb6Obxb11cfAnvHzNXZDLJM7Bl7DAB4ePhRjQf8bic,
9/1/2025 21:39:22,T8.70,Task 1,https://drive.google.com/open?id=1wCdQ9k1Cg2tswjRmrBSXCl2_JdBNSuC3DxFApbDHDeg,Done
9/1/2025 23:19:20,T8.30,Task 2,https://drive.google.com/open?id=1SIGKU1Jxa9OwyULTZu_uXh7BAfPCIZ7I-D8lYL-em5s,Done
11/17/2025 22:10:07,T8.33,Task 1,https://drive.google.com/open?id=13QnrwImsnOBxIdqzrVvGkcb9OzgrwIPjo21hgWKv8VU,
11/17/2025 22:24:57,T8.36,Task 1,https://drive.google.com/open?id=19RyQeEETGJOTyshmBwXGEbyGY2dHAR3A0gAk5gg5Kto,Done
11/17/2025 22:34:35,T8.200,Task 2,https://drive.google.com/open?id=1OdPNhOLEBtKmELsgfryWfVuYwD2x2NHw9cjahKvLz-Q,Done
11/17/2025 23:24:01,T8.767,Task 2,https://drive.google.com/open?id=1eAOuCK9rAVuh5SSN3zMb6cWbG1Iab1QZbCTjDyB9mt8,Done
11/18/2025 16:45:44,T8.767,Task 1,https://drive.google.com/open?id=1pAswBu2fhmxdsagzJRRcXphRk0dVzpc3ILqfzY6yHv8,Done
11/18/2025 23:00:49,T8.114,Task 1,https://drive.google.com/open?id=1Z51R6XlNCk2qnYFNyFRB_QiqZAvf6bewDjE9axr8OSs,Done
11/19/2025 1:25:24,T8.09,Task 2,https://drive.google.com/open?id=1bNiL1dpP2rK_LmNwHEcEvWkePNifMNHZ5t3uZM-w9A4,Done
11/19/2025 1:42:57,T8.36,Task 1,https://drive.google.com/open?id=1Fm3ysWWJZ_mfO0uLIWh8acvz5V8H3MAuA3BydoGaDis,Done
11/9/2025 8:38:34,T8.01,Task 2,https://drive.google.com/open?id=1Nu-onvOpQDcg6L3dMNbEPfjdGDRbqXHfozcvAl1jb_Q,Done
11/19/2025 7:56:40,T8.26,Task 1,https://drive.google.com/open?id=1dG_UPQTaYpCJ4uuYiOYhU6-ohZ_TuAQ7lC8PfXq6eII,Done
11/19/2025 8:39:13,T8.01,Task 2,https://drive.google.com/open?id=1zPsuOoCt6mrBvk-fVe9wdMloASG_bf8ti1pBLl-MfLA,Done
11/19/2025 23:14:04,T8.89,Task 1,https://drive.google.com/open?id=1SxlANtgH-bRSiSRFOPn7wcHDiPk0iopm,Done
8/31/2025 15:54:07,T8.200,Task 2,https://drive.google.com/open?id=1BdsgDfD99GjmaYkQDOFdqtUmZsz9R69E2HjgBbi5Da0,Done
8/13/2025 1:01:46,T8.29,Task 1,https://drive.google.com/open?id=1okFU53B63_RZidXvsZDX-eMmz3lLSNyyxeuwVVFiQok,Done
11/20/2025 15:09:35,T8.21,Task 2,https://drive.google.com/open?id=1otkyOtGRJ5XX5jWvhHP8CIJ674M2x_dwXM3S_LasOgM,Done
11/24/2025 12:40:44,T8.04,Task 2,https://drive.google.com/open?id=13sSz8l-rJAIpC_7iP1S5FqXZe-Z0jtAf2nAyeZVjo0w,Done
11/20/2025 20:26:42,T8.36,Task 2,https://drive.google.com/open?id=1BWzsh95QOCnV7A8GuwrxOgeMlwNS5Z5r1Y_lfIPHVIo,
11/20/2025 20:27:26,T8.36,Task 1,https://drive.google.com/open?id=1i9YIKMo0b8wCcdNbRv3qr7o3QGx85JSKK-FqTh5iIlA,Done
11/20/2025 20:31:13,T8.36,Task 2,https://drive.google.com/open?id=1MM-Vg2GltAIVcF0sSzO3yDLwRE6wTzAxbTYqFOAyCx8,
11/20/2025 20:33:39,T8.36,Task 2,https://drive.google.com/open?id=1WgnZ9pHrFP14ScsUoZ5yHtzg34IdQCIN2QSA8o4SDt0,
11/20/2025 20:39:27,T8.76,Task 1,https://drive.google.com/open?id=1KUKzjWk17Vq_EWn7U52OLhbvukdb1gPhP1TB_Kobyo4,Done
11/21/2025 0:36:46,T8.53,Task 2,https://drive.google.com/open?id=12cWf-NJ9KvC8xUbbPKX830C2BFIWLiT6ANuAedI3HgE,Done
11/21/2025 0:38:49,T8.53,Task 2,https://drive.google.com/open?id=1ylRtBxjgJC01LfcUpkqKJfE-p4TbWpSYNWOHFH4z4YE,Done
11/21/2025 0:39:28,T8.53,Task 2,https://drive.google.com/open?id=1rsKc6Ad-9nhXUEvtoZHxMXZYGSOiKa-jnUklTGiD2Qw,Done
8/13/2025 1:23:29,T8.27,Task 1,https://drive.google.com/open?id=1JJ6zdyLCBixQle2KwaTLW6F2co4a1nYELdGlJdvt91U,Done
9/29/2025 21:36:48,T8.70,Task 1,https://drive.google.com/open?id=1XmGzQWXpX9L2ols2qfleLzPmUKZaDoIagRvy0j1FLlU,Done
11/21/2025 18:10:56,T8.91,Task 2,https://drive.google.com/open?id=1zXD5G9u6s8KYMT_F9TUPFRls1V33zLqUdf-97JsBRMM,Done
9/8/2025 3:43:20,T8.01,Task 2,https://drive.google.com/open?id=1vGsnwVmLejws_UXVyllveRXwhD3p4Q7NMsbJwmDvax0,Done
11/22/2025 22:54:03,T8.89,Task 2,https://drive.google.com/open?id=1J1q0Mwjs47Tek6hNRJjGut9rpah0UgTi,Done
11/22/2025 0:39:21,T8.26,Task 2,https://drive.google.com/open?id=1QTB2R2yeIwpDjIJ7u0WJT6q8Opy-2uSI9se5iJOfDUM,
9/7/2025 15:49:46,T8.923,Task 1,https://drive.google.com/open?id=1XCANgtecSAOdiamwGDnLhQGTirn8k9oWQxQIiqMPJv0,Done
11/22/2025 9:46:53,T8.33,Task 2,https://drive.google.com/open?id=1ZA7WVU6h-rhUgMuLRDE3QVQIsCjLQdd3MdEx_ow7o4A,
11/22/2025 13:24:49,T8.01,Task 2,https://drive.google.com/open?id=13w0DHypoEtNoyDMVFF2W_ty4vnQy9YBYcIVOCBdnDys,Done
11/22/2025 14:12:43,T8.07,Task 2,https://drive.google.com/open?id=1alrzYMNh3afP-a3P6WWM2EO3rH_x_8nJKcqCm_9wh5M,Done
9/8/2025 11:40:16,T8.98,Task 1,https://drive.google.com/open?id=1Xmis7MzL-kXBu273lrDKXdjB8OmyUDI4,Done
11/22/2025 23:08:34,T8.89,Task 1,https://drive.google.com/open?id=1If0iKo2Hdy1D6VW_p_vAKDhhXH-cPXKI,Done
11/23/2025 0:35:53,T8.767,Task 2,https://drive.google.com/open?id=13PgDGrVbotgvfHgBf1YdsKqd04J-h7D-cdUbuhlSjYM,Done
9/30/2025 15:35:14,T8.70,Task 1,https://drive.google.com/open?id=1T5TCA5lNF5zsU2RR1upIVxu-UYTe0OucON-uWZQ9RfY,Done
9/2/2025 14:40:07,T8.77,Task 2,https://drive.google.com/open?id=1JL0KTwWfiwzkzB-ryGBFfW4p5uI6afvWK6QBT-q1bXw,Done
9/2/2025 18:06:28,T8.21,Task 2,https://drive.google.com/open?id=1aXMuTR6pjRNwreL6I4kFbjzTEB-s1ftuPTctIrjR7gY,Done
11/23/2025 20:03:09,T8.99,Task 1,https://drive.google.com/open?id=1rxRwUQQjpy46oTN0ozuXU7LCX6aQN_C_5D22n1-TBe0,Done
8/18/2025 22:22:25,T8.42,Task 1,https://drive.google.com/open?id=1EbkuDfM1BfuYmcdLmijQjdDrev7sBt0oMwuQuyiHKII,Done
11/24/2025 21:30:12,T8.33,Task 1,https://drive.google.com/open?id=1TvbSCYVrDeoO6OdShoNJ5etfvKGXyJxyO0lIOZgr4Yc,
11/24/2025 1:02:20,T8.767,Task 1,https://drive.google.com/open?id=1Y7v4SgyNh23ZFWt5YyPzwrX-EAXTrmuabxTOpHw1Kuw,Done
11/24/2025 11:44:48,T8.04,Task 1,https://drive.google.com/open?id=1OhSW2Pw0if0iCmEvInSlUW8y5koDTf1aWUAMAB7cfDU,Done
11/24/2025 19:15:33,T8.01,Task 1,https://drive.google.com/open?id=1lU8j4TJoQ4Reg1Bwa57tURkgujAv9Zs5rfQcega-tFY,Done
11/24/2025 22:39:12,T8.89,Task 1,https://drive.google.com/open?id=1DZeNuuhch9JmgkaxwVIfwizu7vdJj_5j,Done
11/24/2025 22:45:22,T8.39,Task 1,https://drive.google.com/open?id=1Jmjo2_Ciw4GRVgiUc-TOfirbX02yO_l-O-kPRCI3M2o,Done
11/25/2025 0:08:10,T8.33,Task 2,https://drive.google.com/open?id=1BDnzXIPa-753Pgx5kGXu1IK988RqCR_U0e9EQhBsgVw,
8/31/2025 21:50:39,T8.07,Task 1,https://drive.google.com/open?id=1mJIMyHxbpbAXe_qIpoFn0NsR_Vqt2D2WKF9gcg8sLgQ,Done
11/25/2025 1:08:49,T8.767,Task 2,https://drive.google.com/open?id=1Jhb55hTGynpfd5XXrBS9OAyeeokoE3ZWwBRr-1LcNc4,Done
11/25/2025 1:08:53,T8.112,Task 2,https://drive.google.com/open?id=1Mpa2e5_IAOTjhfjFWg5E9Upg64bnHe8h0YbPvxoto-c,Done
11/25/2025 1:09:28,T8.112,Task 2,https://drive.google.com/open?id=1givZkUuLru7UNi_sFK7T3AwhR7LLUrUTC23xy1wZwlY,Done
11/25/2025 1:09:56,T8.112,Task 2,https://drive.google.com/open?id=1ZXP5iiVngSNMvkybQaWONCMVRSEXfdM8sKXB9712oQU,Done
11/25/2025 1:10:27,T8.112,Task 2,https://drive.google.com/open?id=1ks11jf1M3NC5nRFilgD_A0vh2iUWC4_B0CU3cVRyaYY,Done
11/25/2025 1:10:52,T8.112,Task 2,https://drive.google.com/open?id=1_CeouyduiOOqnKXY2XXmFb4-rP3rakfd_aIAUxzn4wY,Done
11/25/2025 1:11:23,T8.112,Task 2,https://drive.google.com/open?id=1Od1SlNZSVi-M1PR8ZtRXkZcr0Q3YnH3eUL_u1wN-604,Done
11/25/2025 6:24:07,T8.31,Task 1,https://drive.google.com/open?id=1T3aWviV27dGvrb9VKwmZD8iMkhseMijA3gOzv3k-ocE,Done
11/25/2025 11:43:40,T8.33,Task 2,https://drive.google.com/open?id=12FW7vg4QYusN2PcQfmriHnwIdqw6FWFPUvBsQJrp-7g,
11/25/2025 13:10:43,T8.04,Task 1,https://drive.google.com/open?id=16A5VotDNG5M6L2VKrEe0-dappdd9I4PjVl0cG9K0Zv8,Done
11/25/2025 13:11:08,T8.04,Task 2,https://drive.google.com/open?id=1-sTA99hUSXvDz418CrcSc51QIV-RMAW3mtNNkt54wD8,Done
11/25/2025 19:44:48,T8.01,Task 1,https://drive.google.com/open?id=1zL6xV9pR9VLqSHrUSa7SNGmir3KJ-BqIQl1wsfWxoXk,Done
11/25/2025 21:11:44,T8.07,Task 2,https://drive.google.com/open?id=1lvllRMW9PSsRSfgTlzO4yQXgOwJwFI9Ir4qLXzGQ23s,Done
11/25/2025 22:55:53,T8.89,Task 1,https://drive.google.com/open?id=1PQydbfYsBQJ8FbfZTod1ZMTFVPaVD3QN,Done
11/25/2025 23:24:55,T8.33,Task 2,https://drive.google.com/open?id=1cvhSIYLNWvrp-JYvII8AL5kZTpKQB_H2D_ZFxIL1-mY,
11/25/2025 23:25:19,T8.33,Task 1,https://drive.google.com/open?id=1xr30FMmwQtOAFQ8BZbM9KrJ9Q5nghgSL9EerOlUaWy0,
11/25/2025 23:43:07,T8.767,Task 2,https://drive.google.com/open?id=1VJh6v8T2v3151ntEOCgYjIdvtnxQUe511fjz_9mQfcg,Done
8/8/2025 0:00:03,T8.43,Task 1,https://drive.google.com/open?id=1C72MwdhtjPI_BtifNPyXY2qWUUPI1kCwebzphu29mYs,Done
11/26/2025 5:12:01,T8.19,Task 1,https://drive.google.com/open?id=1QNGUnuC12wLH12IjwizHsrARgNjG1bUPqCzFst4ePy0,
9/3/2025 2:04:25,T8.29,Task 1,https://drive.google.com/open?id=1x8sq2B8TBHndY4EeW5Hn0ixRjVOPe50gOAlgYk88eyQ,Done
11/26/2025 5:16:33,T8.19,Task 1,https://drive.google.com/open?id=1Ui-_J36slNgIovwH7lLgnof7HVfxlKxkucNNv1jX0C8,
9/8/2025 17:53:42,T8.03,Task 2,https://drive.google.com/open?id=1bcwkxFtWo4d4gzZWOeSS4BU6x-pg_k9V,Done
11/26/2025 18:30:33,T8.13,Task 1,https://drive.google.com/open?id=1WPz5lbxp6b0ebPyqeFW1iP8bqV4UFt70lScvtPVETsw,Done
11/26/2025 21:43:23,T8.07,Task 2,https://drive.google.com/open?id=11VIyero3iCJ0kHsdnd4hXQQCXZ7XOo_vkQ1igzyMlrs,Done
11/26/2025 21:43:27,T8.108,Task 1,https://drive.google.com/open?id=1BeCD1DOTgHGVa39QLrvNKLAbi8nui_P2u2ccSf4PVSk,Done
11/26/2025 22:23:07,T8.13,Task 2,https://drive.google.com/open?id=1vfm5xKuZMezRXa7pPestn-6qWV2ket50lGjLhV5L25Y,Done
9/8/2025 18:16:28,T8.42,Task 1,https://drive.google.com/open?id=1jnrQeiXw65_Ll418NfiCiU23RbBsqvHP0kNnUVMXHDk,Done
8/16/2025 10:48:55,T8.97,Task 1,https://drive.google.com/open?id=1p8cgoCGYTdjMvOe8HHRvx2kejgCPIbZ9,Done
11/26/2025 22:38:14,T8.09,Task 1,https://drive.google.com/open?id=1kVV9crg-DxDG5lLb3QiH6FeorgXKQFEVA_1so0aUpNo,Done
11/26/2025 22:50:08,T8.09,Task 1,https://drive.google.com/open?id=1-Tq26tDJdLpuEi_p5QkYqY5sL-VkMF3HTT_g99Gbkzs,Done
11/26/2025 22:52:37,T8.09,Task 1,https://drive.google.com/open?id=1MTHluHeMHQ7IKI9v8NWkaEuKVwm4ghVTe2wy4KjAKd4,Done
8/16/2025 16:43:32,T8.74,Task 1,https://drive.google.com/open?id=1aYwnuTkZylxfYXKA6JsE0Z8VNdTOMjBpW_NmKr7aU-A,Done
8/16/2025 17:34:04,T8.27,Task 2,https://drive.google.com/open?id=1pAbmkMsKTXDsMYd58Omex-LArCceul98R5fsDpI96vM,Done
11/27/2025 0:07:22,T8.99,Task 1,https://drive.google.com/open?id=1n6XH6hEDZjP0uJ_yjhlngNS33iAZ6tSvWmlHRBNUBxE,Done
11/27/2025 18:41:37,T8.78,Task 1,https://drive.google.com/open?id=1IV_m5ximDKcD-e8xgX2294Zz7UZc0Q04Kl8xnXbG1gA,Done
11/27/2025 20:16:23,T8.04,Task 1,https://drive.google.com/open?id=1HwoEYtozetCNWT6FrdwPu_eSubr4Vr1AKoKhGeAuDn4,Done
11/27/2025 22:13:15,T8.108,Task 1,https://drive.google.com/open?id=16Jsx5j_r2DJmybDrEJtBPzR1mteq97r9cRlpMC1hdkA,Done
8/8/2025 0:07:40,T8.52,Task 2,https://drive.google.com/open?id=1JFXFcnHzoRYJk_ynacq3bvQvwhq7iiCmwSS4h7BzcIw,Done
11/28/2025 0:26:54,T8.89,Task 1,https://drive.google.com/open?id=1WhL6ANyRZqTKMuQlAsrYDZS639boTQDX,Done
11/28/2025 0:43:41,T8.91,Task 1,https://drive.google.com/open?id=1vttLvAhxKZOFNoM0_G9st0ssA39IAZYpnitckbGKA4c,Done
11/28/2025 1:03:22,T8.767,Task 2,https://drive.google.com/open?id=1dLkRLByv_N0Bx53sZX_j29jdouuwYmo91oj8MEzB7-w,Done
11/28/2025 2:13:03,T8.37,Task 1,https://drive.google.com/open?id=1__Xl5Flddz7hNeMhrvcDk5h0VdHLR5AG,
11/28/2025 10:58:23,T8.78,Task 1,https://drive.google.com/open?id=1yCLcdnSB142ySdWCp47x6GUVEUUDjd2BS0Cheq6DbIw,Done
11/28/2025 16:38:53,T8.767,Task 1,https://drive.google.com/open?id=1_91wHmCYKGGC8-7S2YNW2P48g5d38dlXl2g5t8td7g4,Done
9/8/2025 21:31:53,T8.114,Task 1,https://drive.google.com/open?id=1ZbnLhzJVSNROfwv3slO64JweirSkiUn2ds5pEHZO25Q,Done
11/28/2025 23:17:38,T8.08,Task 1,https://drive.google.com/open?id=1ah5cQeatqMmEjKYIjVM7coioV4oGZ_0saXh3itGIyRM,Done
11/28/2025 23:55:44,T8.767,Task 1,https://drive.google.com/open?id=1nP8oJU8ZXYU5-7xuupSbYzgWetA6SNkFbe7WXIZdbYg,Done
8/8/2025 17:18:22,T8.100,Task 1,https://drive.google.com/open?id=1KBIu52xIlRiyq7giWO79CHy1vOxMtMDetu5WZqQGVAk,Done
11/29/2025 11:08:36,T8.07,Task 2,https://drive.google.com/open?id=14bdUpY6bHbsoHW6Shkkl1DtFVjqVq5nII-zsJaGZ0As,Done
11/29/2025 13:02:22,T8.19,Task 1,https://drive.google.com/open?id=1dUQKhzOllUtvOuHLswPSHP92kLtfYhQ636LFDwIutZQ,
11/29/2025 18:01:35,T8.33,Task 1,https://drive.google.com/open?id=12p-8rD_TZPT5rIMprMpQtTeiDPJerKT1GDftRy_wTFY,Done
11/29/2025 19:46:41,T8.07,Task 2,https://drive.google.com/open?id=1ngKNt7hzjUnm0PYzdZODFH3wSbv-hX-RzF4Ic7FMkwU,Done
11/29/2025 20:04:40,T8.78,Task 1,https://drive.google.com/open?id=1na9RuP3GM8ZyL_cnavCSH4OxzZ809tx-1UUusBlMlTg,Done
11/29/2025 21:32:23,T8.767,Task 1,https://drive.google.com/open?id=1O1817L6udSV5x1ANWuVWt2SAhstgUppt1exdAmJxug4,Done
11/29/2025 23:11:09,T8.33,Task 2,https://drive.google.com/open?id=17cVBkE1y7lxiXNNKyO5WYkRaNhoRblZCU9nNwVOR0b0,Done
11/29/2025 23:47:54,T8.89,Task 1,https://drive.google.com/open?id=1p3zBxhRzEI6UlB7eNJzc6YegKUX8VQA3,Done
11/30/2025 0:07:51,T8.04,Task 1,https://drive.google.com/open?id=1ThJKFb_0KiqtKjmN5KHTq8SEwOLz0Y33Av-DJYb805g,Done
11/30/2025 0:48:17,T8.04,Task 2,https://drive.google.com/open?id=1HZA63JSX4t5gifsMdZ_-mgpRFa-8-_IcR3xu095WALk,
11/30/2025 7:05:31,T8.19,Task 1,https://drive.google.com/open?id=1k6a7g-OlcWEYIkXsDcgFa8xpyJ_gmSekSBlzKMMtGjg,Done
11/30/2025 18:17:10,T8.04,Task 1,https://drive.google.com/open?id=1NcYdlKeYN7nXNuPWA0B8vYfcbLvC9p4xPNwwwqF-MpM,Done
11/30/2025 18:57:06,T8.04,Task 1,https://drive.google.com/open?id=1oI_ZzmjdIgStsvlSna6kBs3mMjNZVs_Kw7NDXJl8-nk,Done
8/16/2025 18:02:23,T8.46,Task 2,https://drive.google.com/open?id=10k4mJEd1dMFGfibDm4FLxnj3tgaGxyjUW3c6lVxYNjo,Done
11/30/2025 19:47:33,T8.07,Task 1,https://drive.google.com/open?id=1eIAPnZOLmff5PfJklixWuwl4qjgp8JgAK0BStA9PWY8,Done
8/7/2025 23:06:52,T8.67,Task 1,https://drive.google.com/open?id=1AOT9wTNshvTFEjobFjeMZlDyyN6Cjue5x9TFS7JYkPY,Done
8/16/2025 20:31:13,T8.03,Task 2,https://drive.google.com/open?id=1Az1OtQspJK1eSNa3b_WFOqDZENnWZjvB,Done
8/8/2025 16:18:41,T8.77,Task 2,https://drive.google.com/open?id=1FuPKtRAfJ4Ex0ah4X2IbkgKLlXWi1b7EAZI4sGhXK8E,Done
11/30/2025 19:54:48,T8.09,Task 2,https://drive.google.com/open?id=1oxCeSiPXaNubHi2Rmb1SVagvXvq0lBZ5,Done
11/30/2025 19:55:09,T8.01,Task 2,https://drive.google.com/open?id=1VtGckNQwmOTJmOPJ6m5TAcgM9XN2m5VbEPBMRFoUC78,Done
11/30/2025 19:57:08,T8.09,Task 2,https://drive.google.com/open?id=1k4CVkMrrWHkAlgNCnnqYorhroMfoSu-k,Done
11/30/2025 19:57:44,T8.01,Task 2,https://drive.google.com/open?id=18Z4gBbHCmlk_lykjNo3Nt8tWfHY2ftstZuN31KH7yow,Done
11/30/2025 20:00:27,T8.01 ,Task 1,https://drive.google.com/open?id=1z8NhqNogCO_Pwjh-FnWkBSF9tnEtU5dAcUvpY8K1qiY,Done
8/17/2025 0:54:47,T8.74,Task 1,https://drive.google.com/open?id=1ROBlzxJuGzWk134HAo7bx-nLqtIUxvUb0AU6YXQChbY,Done
11/30/2025 20:03:33,T8.01,Task 2,https://drive.google.com/open?id=11C-jFtsqiT-17pjzhBoJ-uxIFj6ofJmt-rIPMn4Z_J4,Done
11/30/2025 20:04:30,T8.01,Task 1,https://drive.google.com/open?id=1m8o-gCq2S9PtthWI9CXN6bCYeExuGl-Nfd7H3Z19EEw,Done
8/17/2025 1:16:21,T8.27,Task 1,https://drive.google.com/open?id=1deRElnu0cWlAmwgcUqoi6nN3xhPo8d_ENRPHhx-pzBE,Done
8/9/2025 15:52:54,T8.21,Task 1,https://drive.google.com/open?id=1JWcJrzXaBXWV-Sy0TNtPl2jo_AzU5JrBnPgWLcdg4pY,Done
8/9/2025 16:29:37,T8.29,Task 2,https://drive.google.com/open?id=1wZ_GdY3lIdnLz6DWzs9r20UEjbvRMFcixSw_pXsKeCA,Done
11/30/2025 20:12:42,T8.09,Task 1,https://drive.google.com/open?id=10zrQ0erv0IiUiSQpbd4tlYQjaD_v0Npa,Done
11/30/2025 20:13:45,T8.09,Task 1,https://drive.google.com/open?id=15budcXc_fds29xMzLeqKWqO9p5Bgvu2R,Done
9/8/2025 22:06:09,T8.479,Task 1,https://drive.google.com/open?id=14E2wVyhCYXE17O-ibIUJ4QWOy1ib0PnEzYRsZI42mEQ,Done
8/17/2025 22:57:50,T8.27,Task 2,https://drive.google.com/open?id=1E3DA-ntw8RNz5sv_1sZ7-VRFVbE1wHQi2lH4qeN-aGM,Done
11/30/2025 20:18:44,T8.09,Task 1,https://drive.google.com/open?id=1Z_7tIOBlFt9A_1mZC2AettbaJSRyBhtw,Done
8/18/2025 3:13:30,T8.51,Task 2,https://drive.google.com/open?id=1Nngrg7Eb8iq-jWLy2uh4bs95ChiJDcLXATW3WiWEIj0,Done
8/18/2025 4:12:54,T8.51,Task 2,https://drive.google.com/open?id=12b6uDLL9qc0LBdogeJS4he-Yo8A60P-AwTATJsxe-bU,Done
11/30/2025 20:47:41,T8.17,Task 2,https://drive.google.com/open?id=1iShVJPGQWtC6KxSYdjimFigjeFbz-Hu4wezP8UyO7Qw,Done
11/30/2025 20:54:16,T8.17,Task 1,https://drive.google.com/open?id=18nWfR9OT9hnNomgf1Xta7IFueuA9coqYJAs3NlYjxkE,Done
11/30/2025 20:59:03,T8.09,Task 1,https://drive.google.com/open?id=1acOyadFTKSSAPD3eIF6wLl1cduul5dLi,Done
11/30/2025 20:59:34,T8.09,Task 1,https://drive.google.com/open?id=1fPz3cpDEYfToiLyvQe2OIenHsc3PgrFc,Done
11/30/2025 20:59:37,T8.17,Task 2,https://drive.google.com/open?id=1-7dbA18-Lcp0SSnfDTrsqvU88Kx5_1L_cwGpy_fwLCg,Done
8/18/2025 11:24:20,T8.27,Task 2,https://drive.google.com/open?id=1uUdjXe3rcoOQFqI8LpgLJKpnjJ1XVnF5WfwRvKyMxFo,Done
8/18/2025 12:47:00,T8.39,Task 1,https://drive.google.com/open?id=1JPwijb8oZEwKx2n_fHP50iG3CcOaCKzi1J4W_CWBvbI,Done
11/30/2025 21:02:20,T8.17 ,Task 1,https://drive.google.com/open?id=1k1kK0gmZftotM16bKONddUtgEp0RrlmktH_-JxSjIu0,Done
11/30/2025 21:03:12,T8.29 ,Task 1,https://drive.google.com/open?id=1dZO2jmvKxxQ5N_b56wXnNz1RD8w1DDLR1OpGAfhZ9NU,Done
11/30/2025 21:12:27,T8.17 ,Task 2,https://drive.google.com/open?id=18K7GRZsfz2mJ4Fq7-t0Kx_OskCrkCThv7U0xhBsJQ2I,Done
11/30/2025 21:14:14,T8.17 ,Task 2,https://drive.google.com/open?id=13AHxeNG174CnYcijwckSi1AJerG47bwSWbwP0uDwHPU,Done
11/30/2025 21:17:29,T8.17,Task 1,https://drive.google.com/open?id=1S20pOY-lx8G3ZqIehCkiGldWTS_CIccuIfDEcproVKQ,Done
11/30/2025 21:23:23,T8.17,Task 2,https://drive.google.com/open?id=1tVBoXL7kJ-fy61aK8oQ1TPDrHKvrkLmuD9xwLoYkMbA,Done
11/30/2025 21:29:35,T8.17,Task 1,https://drive.google.com/open?id=1iCd79eRBCdjmcCpCTJTBpPfsoCNq5st_JHs1N_Gieog,Done
11/30/2025 21:30:26,T8.07,Task 2,https://drive.google.com/open?id=1fDEI9AzpS4tqlbbMhT5cZ69uNtKuHA7-T_fI60QjfZs,Done
11/30/2025 21:45:33,T8.200,Task 1,https://drive.google.com/open?id=1n5IirUo4i75Ij-W5hXp5t8_gjfu68d4ouyqsV4pPfHM,Done
11/30/2025 21:47:10,T8.17,Task 1,https://drive.google.com/open?id=1bs8FTdOU-ghV5NJ5y0bYnsGODUytTr9egQK08T4bTJA,Done
11/30/2025 21:53:16,T8.17,Task 1,https://drive.google.com/open?id=1AE4lvwMdmL432XFms2-bnfKRVLz1ZLE1GybNhGlTQxU,Done
11/30/2025 22:00:40,T8.17 ,Task 1,https://drive.google.com/open?id=1hcKlc6AwpzoezGHGWtCuUvQv260iaCJH4GA_ypGmMro,Done
11/30/2025 22:02:36,T8.17 ,Task 1,https://drive.google.com/open?id=1jvfRsX0SvTvykvWZpDtBThuj7C_0xRrdy8Cl8pJoi10,Done
11/30/2025 22:06:41,T8.17,Task 1,https://drive.google.com/open?id=1w3s6Jl7wX8hbN93WhdTrDRfqqRyYBxLLiFMDVf-LT5E,Done
11/30/2025 22:12:21,T8.17,Task 2,https://drive.google.com/open?id=1byPCgMkXjqcBgJxBv0ApM_oJu-lrfA_DVkgpGfJh_Kc,Done
9/8/2025 22:38:27,T8.30,Task 1,https://drive.google.com/open?id=14412NWaB8MCp4vzkMsR_nJOh1CBceN5-xJFLAos_YJQ,Done
11/30/2025 22:51:38,T8.200,Task 2,https://drive.google.com/open?id=1j0R2qwqyfGNJX58tOHBJfnDE6Quapo8wd1DbQ-vof5E,Done
11/30/2025 22:54:27,T8.200,Task 1,https://drive.google.com/open?id=1blrUg8Eo7vc-E-epVC8TyqN49mzYHsMw5jmT9JLa9VQ,Done
11/30/2025 22:57:26,T8.17,Task 1,https://drive.google.com/open?id=16oLHPigCABxSjYV3JBevX641tXKxy-29zh6KNBZFyWo,Done
11/30/2025 23:00:53,T8.04,Task 2,https://drive.google.com/open?id=1pyZJdGFrSd9iBwi7B6fOI72PthrpASGr2cmFH-QnSu4,Done
8/18/2025 14:43:51,T8.21,Task 1,https://drive.google.com/open?id=1n946AN7wfKOoesK3ns5DXU1Ry2Pn6PwB9WK-SBsr3-4,Done
11/30/2025 23:32:48,T8.76,Task 1,https://drive.google.com/open?id=1Vxm_fQQKv2n_K1XDqV2-ZUQnuY1AlBlW-GQFowShEjo,Done
11/30/2025 23:37:49,T8.08,Task 1,https://drive.google.com/open?id=10evSAX12qgMaj-rxpX2jHVhGOmqI3ASKz_QSokIK0vk,Done
11/30/2025 23:41:35,T8.25,Task 1,https://drive.google.com/open?id=1mzig4ppTz-EaA_1qFWrXLOBOYsLLCkgLcX_yFK_O4T0,Done
9/14/2025 16:51:20,T8.923,Task 1,https://drive.google.com/open?id=1oNgPzA5IGuvhz2rnFM6_la_nVMX-zbOoy3Y3XXAy4rk,Done